GEO_ID,NAME,B11001_001E
id,Geographic Area Name,Estimate!!Total:
8600000US06390,ZCTA5 06390,40
8600000US10001,ZCTA5 10001,12997
8600000US10002,ZCTA5 10002,33459
8600000US10003,ZCTA5 10003,26043
8600000US10004,ZCTA5 10004,1777
8600000US10005,ZCTA5 10005,4363
8600000US10006,ZCTA5 10006,1729
8600000US10007,ZCTA5 10007,2802
8600000US10009,ZCTA5 10009,29764
8600000US10010,ZCTA5 10010,16815
8600000US10011,ZCTA5 10011,29089
8600000US10012,ZCTA5 10012,12181
8600000US10013,ZCTA5 10013,12026
8600000US10014,ZCTA5 10014,18013
8600000US10016,ZCTA5 10016,29200
8600000US10017,ZCTA5 10017,9663
8600000US10018,ZCTA5 10018,4727
8600000US10019,ZCTA5 10019,26158
8600000US10020,ZCTA5 10020,0
8600000US10021,ZCTA5 10021,23935
8600000US10022,ZCTA5 10022,17953
8600000US10023,ZCTA5 10023,34289
8600000US10024,ZCTA5 10024,28165
8600000US10025,ZCTA5 10025,41355
8600000US10026,ZCTA5 10026,15479
8600000US10027,ZCTA5 10027,23956
8600000US10028,ZCTA5 10028,24640
8600000US10029,ZCTA5 10029,31470
8600000US10030,ZCTA5 10030,12688
8600000US10031,ZCTA5 10031,21744
8600000US10032,ZCTA5 10032,21226
8600000US10033,ZCTA5 10033,19833
8600000US10034,ZCTA5 10034,16156
8600000US10035,ZCTA5 10035,14524
8600000US10036,ZCTA5 10036,17260
8600000US10037,ZCTA5 10037,9581
8600000US10038,ZCTA5 10038,10461
8600000US10039,ZCTA5 10039,11368
8600000US10040,ZCTA5 10040,16410
8600000US10044,ZCTA5 10044,4774
8600000US10065,ZCTA5 10065,15255
8600000US10069,ZCTA5 10069,3230
8600000US10075,ZCTA5 10075,11388
8600000US10103,ZCTA5 10103,0
8600000US10110,ZCTA5 10110,0
8600000US10111,ZCTA5 10111,0
8600000US10112,ZCTA5 10112,0
8600000US10115,ZCTA5 10115,0
8600000US10119,ZCTA5 10119,0
8600000US10128,ZCTA5 10128,30069
8600000US10152,ZCTA5 10152,0
8600000US10153,ZCTA5 10153,0
8600000US10154,ZCTA5 10154,0
8600000US10162,ZCTA5 10162,673
8600000US10165,ZCTA5 10165,0
8600000US10167,ZCTA5 10167,0
8600000US10168,ZCTA5 10168,0
8600000US10169,ZCTA5 10169,0
8600000US10170,ZCTA5 10170,0
8600000US10171,ZCTA5 10171,0
8600000US10172,ZCTA5 10172,0
8600000US10173,ZCTA5 10173,0
8600000US10174,ZCTA5 10174,0
8600000US10177,ZCTA5 10177,0
8600000US10199,ZCTA5 10199,0
8600000US10271,ZCTA5 10271,0
8600000US10278,ZCTA5 10278,0
8600000US10279,ZCTA5 10279,18
8600000US10280,ZCTA5 10280,4558
8600000US10282,ZCTA5 10282,2291
8600000US10301,ZCTA5 10301,14467
8600000US10302,ZCTA5 10302,6090
8600000US10303,ZCTA5 10303,8268
8600000US10304,ZCTA5 10304,14603
8600000US10305,ZCTA5 10305,14565
8600000US10306,ZCTA5 10306,20189
8600000US10307,ZCTA5 10307,5271
8600000US10308,ZCTA5 10308,10544
8600000US10309,ZCTA5 10309,11523
8600000US10310,ZCTA5 10310,8526
8600000US10311,ZCTA5 10311,0
8600000US10312,ZCTA5 10312,21318
8600000US10314,ZCTA5 10314,30882
8600000US10451,ZCTA5 10451,19522
8600000US10452,ZCTA5 10452,26437
8600000US10453,ZCTA5 10453,27774
8600000US10454,ZCTA5 10454,13429
8600000US10455,ZCTA5 10455,14427
8600000US10456,ZCTA5 10456,30860
8600000US10457,ZCTA5 10457,24777
8600000US10458,ZCTA5 10458,27581
8600000US10459,ZCTA5 10459,16868
8600000US10460,ZCTA5 10460,20778
8600000US10461,ZCTA5 10461,18862
8600000US10462,ZCTA5 10462,29536
8600000US10463,ZCTA5 10463,28752
8600000US10464,ZCTA5 10464,1851
8600000US10465,ZCTA5 10465,15831
8600000US10466,ZCTA5 10466,24216
8600000US10467,ZCTA5 10467,37042
8600000US10468,ZCTA5 10468,26328
8600000US10469,ZCTA5 10469,22299
8600000US10470,ZCTA5 10470,6198
8600000US10471,ZCTA5 10471,8817
8600000US10472,ZCTA5 10472,21835
8600000US10473,ZCTA5 10473,21189
8600000US10474,ZCTA5 10474,3623
8600000US10475,ZCTA5 10475,18902
8600000US10501,ZCTA5 10501,423
8600000US10502,ZCTA5 10502,1962
8600000US10503,ZCTA5 10503,111
8600000US10504,ZCTA5 10504,2748
8600000US10505,ZCTA5 10505,368
8600000US10506,ZCTA5 10506,1850
8600000US10507,ZCTA5 10507,2209
8600000US10509,ZCTA5 10509,6863
8600000US10510,ZCTA5 10510,3722
8600000US10511,ZCTA5 10511,746
8600000US10512,ZCTA5 10512,9350
8600000US10514,ZCTA5 10514,4072
8600000US10516,ZCTA5 10516,2122
8600000US10517,ZCTA5 10517,152
8600000US10518,ZCTA5 10518,396
8600000US10519,ZCTA5 10519,107
8600000US10520,ZCTA5 10520,5133
8600000US10522,ZCTA5 10522,3670
8600000US10523,ZCTA5 10523,2950
8600000US10524,ZCTA5 10524,1435
8600000US10526,ZCTA5 10526,685
8600000US10527,ZCTA5 10527,316
8600000US10528,ZCTA5 10528,4783
8600000US10530,ZCTA5 10530,5694
8600000US10532,ZCTA5 10532,1739
8600000US10533,ZCTA5 10533,2619
8600000US10535,ZCTA5 10535,122
8600000US10536,ZCTA5 10536,3593
8600000US10537,ZCTA5 10537,826
8600000US10538,ZCTA5 10538,5812
8600000US10541,ZCTA5 10541,9060
8600000US10543,ZCTA5 10543,7593
8600000US10545,ZCTA5 10545,0
8600000US10546,ZCTA5 10546,410
8600000US10547,ZCTA5 10547,2520
8600000US10548,ZCTA5 10548,1321
8600000US10549,ZCTA5 10549,5791
8600000US10550,ZCTA5 10550,13744
8600000US10552,ZCTA5 10552,8572
8600000US10553,ZCTA5 10553,3352
8600000US10560,ZCTA5 10560,1683
8600000US10562,ZCTA5 10562,11286
8600000US10566,ZCTA5 10566,9367
8600000US10567,ZCTA5 10567,6767
8600000US10570,ZCTA5 10570,4049
8600000US10573,ZCTA5 10573,12483
8600000US10576,ZCTA5 10576,1808
8600000US10577,ZCTA5 10577,829
8600000US10578,ZCTA5 10578,267
8600000US10579,ZCTA5 10579,3033
8600000US10580,ZCTA5 10580,5984
8600000US10583,ZCTA5 10583,13923
8600000US10588,ZCTA5 10588,1182
8600000US10589,ZCTA5 10589,3820
8600000US10590,ZCTA5 10590,2704
8600000US10591,ZCTA5 10591,8908
8600000US10594,ZCTA5 10594,1552
8600000US10595,ZCTA5 10595,2354
8600000US10596,ZCTA5 10596,454
8600000US10597,ZCTA5 10597,330
8600000US10598,ZCTA5 10598,10530
8600000US10601,ZCTA5 10601,5268
8600000US10603,ZCTA5 10603,7040
8600000US10604,ZCTA5 10604,3808
8600000US10605,ZCTA5 10605,7255
8600000US10606,ZCTA5 10606,5632
8600000US10607,ZCTA5 10607,2416
8600000US10701,ZCTA5 10701,23565
8600000US10703,ZCTA5 10703,7301
8600000US10704,ZCTA5 10704,12222
8600000US10705,ZCTA5 10705,14041
8600000US10706,ZCTA5 10706,3128
8600000US10707,ZCTA5 10707,3964
8600000US10708,ZCTA5 10708,8868
8600000US10709,ZCTA5 10709,3652
8600000US10710,ZCTA5 10710,9631
8600000US10801,ZCTA5 10801,14758
8600000US10803,ZCTA5 10803,4006
8600000US10804,ZCTA5 10804,5124
8600000US10805,ZCTA5 10805,7602
8600000US10901,ZCTA5 10901,8609
8600000US10910,ZCTA5 10910,0
8600000US10911,ZCTA5 10911,0
8600000US10913,ZCTA5 10913,1488
8600000US10914,ZCTA5 10914,115
8600000US10915,ZCTA5 10915,30
8600000US10916,ZCTA5 10916,1268
8600000US10917,ZCTA5 10917,527
8600000US10918,ZCTA5 10918,4167
8600000US10919,ZCTA5 10919,339
8600000US10920,ZCTA5 10920,2995
8600000US10921,ZCTA5 10921,1391
8600000US10922,ZCTA5 10922,623
8600000US10923,ZCTA5 10923,2759
8600000US10924,ZCTA5 10924,4334
8600000US10925,ZCTA5 10925,1713
8600000US10926,ZCTA5 10926,1335
8600000US10927,ZCTA5 10927,3733
8600000US10928,ZCTA5 10928,1719
8600000US10930,ZCTA5 10930,2919
8600000US10931,ZCTA5 10931,303
8600000US10932,ZCTA5 10932,50
8600000US10933,ZCTA5 10933,177
8600000US10940,ZCTA5 10940,18075
8600000US10941,ZCTA5 10941,4993
8600000US10950,ZCTA5 10950,12363
8600000US10952,ZCTA5 10952,9282
8600000US10953,ZCTA5 10953,58
8600000US10954,ZCTA5 10954,8303
8600000US10956,ZCTA5 10956,10402
8600000US10958,ZCTA5 10958,937
8600000US10960,ZCTA5 10960,6175
8600000US10962,ZCTA5 10962,1861
8600000US10963,ZCTA5 10963,971
8600000US10964,ZCTA5 10964,479
8600000US10965,ZCTA5 10965,5332
8600000US10968,ZCTA5 10968,1154
8600000US10969,ZCTA5 10969,456
8600000US10970,ZCTA5 10970,3564
8600000US10973,ZCTA5 10973,795
8600000US10974,ZCTA5 10974,1127
8600000US10975,ZCTA5 10975,101
8600000US10976,ZCTA5 10976,712
8600000US10977,ZCTA5 10977,16269
8600000US10979,ZCTA5 10979,76
8600000US10980,ZCTA5 10980,4798
8600000US10983,ZCTA5 10983,1961
8600000US10984,ZCTA5 10984,961
8600000US10985,ZCTA5 10985,49
8600000US10986,ZCTA5 10986,551
8600000US10987,ZCTA5 10987,1336
8600000US10988,ZCTA5 10988,235
8600000US10989,ZCTA5 10989,3407
8600000US10990,ZCTA5 10990,7469
8600000US10992,ZCTA5 10992,3244
8600000US10993,ZCTA5 10993,1583
8600000US10994,ZCTA5 10994,2630
8600000US10996,ZCTA5 10996,875
8600000US10998,ZCTA5 10998,967
8600000US11001,ZCTA5 11001,9113
8600000US11003,ZCTA5 11003,12208
8600000US11004,ZCTA5 11004,5248
8600000US11005,ZCTA5 11005,1315
8600000US11010,ZCTA5 11010,7832
8600000US11020,ZCTA5 11020,1845
8600000US11021,ZCTA5 11021,7800
8600000US11023,ZCTA5 11023,2926
8600000US11024,ZCTA5 11024,1999
8600000US11030,ZCTA5 11030,6291
8600000US11040,ZCTA5 11040,12958
8600000US11042,ZCTA5 11042,0
8600000US11050,ZCTA5 11050,10949
8600000US11096,ZCTA5 11096,2555
8600000US11101,ZCTA5 11101,13896
8600000US11102,ZCTA5 11102,12945
8600000US11103,ZCTA5 11103,15512
8600000US11104,ZCTA5 11104,11552
8600000US11105,ZCTA5 11105,15225
8600000US11106,ZCTA5 11106,16917
8600000US11109,ZCTA5 11109,2907
8600000US11201,ZCTA5 11201,28593
8600000US11203,ZCTA5 11203,28276
8600000US11204,ZCTA5 11204,23397
8600000US11205,ZCTA5 11205,16459
8600000US11206,ZCTA5 11206,31163
8600000US11207,ZCTA5 11207,33619
8600000US11208,ZCTA5 11208,33316
8600000US11209,ZCTA5 11209,29352
8600000US11210,ZCTA5 11210,21893
8600000US11211,ZCTA5 11211,40435
8600000US11212,ZCTA5 11212,31802
8600000US11213,ZCTA5 11213,25504
8600000US11214,ZCTA5 11214,31823
8600000US11215,ZCTA5 11215,28445
8600000US11216,ZCTA5 11216,24871
8600000US11217,ZCTA5 11217,18074
8600000US11218,ZCTA5 11218,24848
8600000US11219,ZCTA5 11219,24225
8600000US11220,ZCTA5 11220,27637
8600000US11221,ZCTA5 11221,31497
8600000US11222,ZCTA5 11222,17446
8600000US11223,ZCTA5 11223,27951
8600000US11224,ZCTA5 11224,18930
8600000US11225,ZCTA5 11225,24136
8600000US11226,ZCTA5 11226,37191
8600000US11228,ZCTA5 11228,15124
8600000US11229,ZCTA5 11229,30774
8600000US11230,ZCTA5 11230,30147
8600000US11231,ZCTA5 11231,15658
8600000US11232,ZCTA5 11232,8760
8600000US11233,ZCTA5 11233,30567
8600000US11234,ZCTA5 11234,31743
8600000US11235,ZCTA5 11235,32338
8600000US11236,ZCTA5 11236,33752
8600000US11237,ZCTA5 11237,17056
8600000US11238,ZCTA5 11238,25060
8600000US11239,ZCTA5 11239,6705
8600000US11351,ZCTA5 11351,0
8600000US11354,ZCTA5 11354,19925
8600000US11355,ZCTA5 11355,27771
8600000US11356,ZCTA5 11356,7501
8600000US11357,ZCTA5 11357,14477
8600000US11358,ZCTA5 11358,13029
8600000US11359,ZCTA5 11359,0
8600000US11360,ZCTA5 11360,8541
8600000US11361,ZCTA5 11361,9908
8600000US11362,ZCTA5 11362,6988
8600000US11363,ZCTA5 11363,2804
8600000US11364,ZCTA5 11364,13470
8600000US11365,ZCTA5 11365,15705
8600000US11366,ZCTA5 11366,4534
8600000US11367,ZCTA5 11367,14348
8600000US11368,ZCTA5 11368,28633
8600000US11369,ZCTA5 11369,9655
8600000US11370,ZCTA5 11370,7850
8600000US11371,ZCTA5 11371,0
8600000US11372,ZCTA5 11372,23786
8600000US11373,ZCTA5 11373,30286
8600000US11374,ZCTA5 11374,19549
8600000US11375,ZCTA5 11375,32549
8600000US11377,ZCTA5 11377,31331
8600000US11378,ZCTA5 11378,12701
8600000US11379,ZCTA5 11379,13373
8600000US11385,ZCTA5 11385,35501
8600000US11411,ZCTA5 11411,6226
8600000US11412,ZCTA5 11412,11095
8600000US11413,ZCTA5 11413,12297
8600000US11414,ZCTA5 11414,10741
8600000US11415,ZCTA5 11415,8381
8600000US11416,ZCTA5 11416,7185
8600000US11417,ZCTA5 11417,8898
8600000US11418,ZCTA5 11418,10907
8600000US11419,ZCTA5 11419,12167
8600000US11420,ZCTA5 11420,13121
8600000US11421,ZCTA5 11421,11549
8600000US11422,ZCTA5 11422,9964
8600000US11423,ZCTA5 11423,9602
8600000US11424,ZCTA5 11424,0
8600000US11425,ZCTA5 11425,0
8600000US11426,ZCTA5 11426,6278
8600000US11427,ZCTA5 11427,7596
8600000US11428,ZCTA5 11428,5553
8600000US11429,ZCTA5 11429,7356
8600000US11430,ZCTA5 11430,0
8600000US11432,ZCTA5 11432,18697
8600000US11433,ZCTA5 11433,10599
8600000US11434,ZCTA5 11434,21706
8600000US11435,ZCTA5 11435,18893
8600000US11436,ZCTA5 11436,5410
8600000US11451,ZCTA5 11451,0
8600000US11501,ZCTA5 11501,7734
8600000US11507,ZCTA5 11507,2435
8600000US11509,ZCTA5 11509,827
8600000US11510,ZCTA5 11510,10728
8600000US11514,ZCTA5 11514,1671
8600000US11516,ZCTA5 11516,2320
8600000US11518,ZCTA5 11518,4000
8600000US11520,ZCTA5 11520,14259
8600000US11530,ZCTA5 11530,9500
8600000US11542,ZCTA5 11542,9998
8600000US11545,ZCTA5 11545,4359
8600000US11547,ZCTA5 11547,250
8600000US11548,ZCTA5 11548,544
8600000US11549,ZCTA5 11549,0
8600000US11550,ZCTA5 11550,16650
8600000US11552,ZCTA5 11552,7084
8600000US11553,ZCTA5 11553,6492
8600000US11554,ZCTA5 11554,12304
8600000US11556,ZCTA5 11556,0
8600000US11557,ZCTA5 11557,2764
8600000US11558,ZCTA5 11558,2890
8600000US11559,ZCTA5 11559,2549
8600000US11560,ZCTA5 11560,2357
8600000US11561,ZCTA5 11561,15660
8600000US11563,ZCTA5 11563,8050
8600000US11565,ZCTA5 11565,3110
8600000US11566,ZCTA5 11566,11185
8600000US11568,ZCTA5 11568,1042
8600000US11569,ZCTA5 11569,487
8600000US11570,ZCTA5 11570,10286
8600000US11572,ZCTA5 11572,10019
8600000US11575,ZCTA5 11575,4526
8600000US11576,ZCTA5 11576,4513
8600000US11577,ZCTA5 11577,4244
8600000US11579,ZCTA5 11579,1966
8600000US11580,ZCTA5 11580,13172
8600000US11581,ZCTA5 11581,6765
8600000US11590,ZCTA5 11590,14301
8600000US11596,ZCTA5 11596,3498
8600000US11598,ZCTA5 11598,4068
8600000US11691,ZCTA5 11691,20712
8600000US11692,ZCTA5 11692,7306
8600000US11693,ZCTA5 11693,4817
8600000US11694,ZCTA5 11694,8497
8600000US11697,ZCTA5 11697,1456
8600000US11701,ZCTA5 11701,8539
8600000US11702,ZCTA5 11702,5101
8600000US11703,ZCTA5 11703,5288
8600000US11704,ZCTA5 11704,12712
8600000US11705,ZCTA5 11705,2698
8600000US11706,ZCTA5 11706,18413
8600000US11709,ZCTA5 11709,2551
8600000US11710,ZCTA5 11710,11434
8600000US11713,ZCTA5 11713,3102
8600000US11714,ZCTA5 11714,7943
8600000US11715,ZCTA5 11715,1575
8600000US11716,ZCTA5 11716,3593
8600000US11717,ZCTA5 11717,13785
8600000US11718,ZCTA5 11718,1082
8600000US11719,ZCTA5 11719,1175
8600000US11720,ZCTA5 11720,8888
8600000US11721,ZCTA5 11721,2349
8600000US11722,ZCTA5 11722,9330
8600000US11724,ZCTA5 11724,977
8600000US11725,ZCTA5 11725,9694
8600000US11726,ZCTA5 11726,5693
8600000US11727,ZCTA5 11727,11087
8600000US11729,ZCTA5 11729,8616
8600000US11730,ZCTA5 11730,4536
8600000US11731,ZCTA5 11731,10063
8600000US11732,ZCTA5 11732,1453
8600000US11733,ZCTA5 11733,5456
8600000US11735,ZCTA5 11735,11726
8600000US11738,ZCTA5 11738,5422
8600000US11739,ZCTA5 11739,293
8600000US11740,ZCTA5 11740,3294
8600000US11741,ZCTA5 11741,9000
8600000US11742,ZCTA5 11742,4358
8600000US11743,ZCTA5 11743,15197
8600000US11746,ZCTA5 11746,21005
8600000US11747,ZCTA5 11747,7003
8600000US11749,ZCTA5 11749,1019
8600000US11751,ZCTA5 11751,5018
8600000US11752,ZCTA5 11752,2981
8600000US11753,ZCTA5 11753,4394
8600000US11754,ZCTA5 11754,6684
8600000US11755,ZCTA5 11755,4227
8600000US11756,ZCTA5 11756,13571
8600000US11757,ZCTA5 11757,14534
8600000US11758,ZCTA5 11758,18565
8600000US11762,ZCTA5 11762,7554
8600000US11763,ZCTA5 11763,9444
8600000US11764,ZCTA5 11764,4127
8600000US11765,ZCTA5 11765,250
8600000US11766,ZCTA5 11766,4114
8600000US11767,ZCTA5 11767,4989
8600000US11768,ZCTA5 11768,7834
8600000US11769,ZCTA5 11769,3298
8600000US11770,ZCTA5 11770,26
8600000US11771,ZCTA5 11771,3600
8600000US11772,ZCTA5 11772,17303
8600000US11776,ZCTA5 11776,7958
8600000US11777,ZCTA5 11777,3393
8600000US11778,ZCTA5 11778,4246
8600000US11779,ZCTA5 11779,12354
8600000US11780,ZCTA5 11780,5515
8600000US11782,ZCTA5 11782,5157
8600000US11783,ZCTA5 11783,7067
8600000US11784,ZCTA5 11784,7858
8600000US11786,ZCTA5 11786,1900
8600000US11787,ZCTA5 11787,12000
8600000US11788,ZCTA5 11788,5532
8600000US11789,ZCTA5 11789,2875
8600000US11790,ZCTA5 11790,4405
8600000US11791,ZCTA5 11791,8223
8600000US11792,ZCTA5 11792,2621
8600000US11793,ZCTA5 11793,10240
8600000US11794,ZCTA5 11794,0
8600000US11795,ZCTA5 11795,7812
8600000US11796,ZCTA5 11796,1299
8600000US11797,ZCTA5 11797,3097
8600000US11798,ZCTA5 11798,3579
8600000US11801,ZCTA5 11801,12887
8600000US11803,ZCTA5 11803,9731
8600000US11804,ZCTA5 11804,1625
8600000US11901,ZCTA5 11901,9696
8600000US11930,ZCTA5 11930,415
8600000US11931,ZCTA5 11931,10
8600000US11932,ZCTA5 11932,476
8600000US11933,ZCTA5 11933,3060
8600000US11934,ZCTA5 11934,2566
8600000US11935,ZCTA5 11935,1285
8600000US11937,ZCTA5 11937,6795
8600000US11939,ZCTA5 11939,457
8600000US11940,ZCTA5 11940,1888
8600000US11941,ZCTA5 11941,661
8600000US11942,ZCTA5 11942,1993
8600000US11944,ZCTA5 11944,1959
8600000US11946,ZCTA5 11946,5962
8600000US11947,ZCTA5 11947,178
8600000US11948,ZCTA5 11948,274
8600000US11949,ZCTA5 11949,4937
8600000US11950,ZCTA5 11950,4632
8600000US11951,ZCTA5 11951,4420
8600000US11952,ZCTA5 11952,2129
8600000US11953,ZCTA5 11953,5322
8600000US11954,ZCTA5 11954,1458
8600000US11955,ZCTA5 11955,1816
8600000US11956,ZCTA5 11956,127
8600000US11957,ZCTA5 11957,392
8600000US11958,ZCTA5 11958,355
8600000US11959,ZCTA5 11959,240
8600000US11960,ZCTA5 11960,332
8600000US11961,ZCTA5 11961,5496
8600000US11962,ZCTA5 11962,138
8600000US11963,ZCTA5 11963,2827
8600000US11964,ZCTA5 11964,981
8600000US11965,ZCTA5 11965,255
8600000US11967,ZCTA5 11967,8062
8600000US11968,ZCTA5 11968,4339
8600000US11970,ZCTA5 11970,117
8600000US11971,ZCTA5 11971,2568
8600000US11972,ZCTA5 11972,458
8600000US11973,ZCTA5 11973,0
8600000US11975,ZCTA5 11975,101
8600000US11976,ZCTA5 11976,670
8600000US11977,ZCTA5 11977,809
8600000US11978,ZCTA5 11978,1315
8600000US11980,ZCTA5 11980,2038
8600000US12007,ZCTA5 12007,9
8600000US12008,ZCTA5 12008,217
8600000US12009,ZCTA5 12009,3019
8600000US12010,ZCTA5 12010,11672
8600000US12015,ZCTA5 12015,1143
8600000US12017,ZCTA5 12017,187
8600000US12018,ZCTA5 12018,3060
8600000US12019,ZCTA5 12019,5903
8600000US12020,ZCTA5 12020,13748
8600000US12022,ZCTA5 12022,298
8600000US12023,ZCTA5 12023,824
8600000US12024,ZCTA5 12024,0
8600000US12025,ZCTA5 12025,2285
8600000US12027,ZCTA5 12027,1482
8600000US12028,ZCTA5 12028,322
8600000US12029,ZCTA5 12029,469
8600000US12031,ZCTA5 12031,88
8600000US12032,ZCTA5 12032,406
8600000US12033,ZCTA5 12033,3188
8600000US12035,ZCTA5 12035,267
8600000US12036,ZCTA5 12036,104
8600000US12037,ZCTA5 12037,1841
8600000US12040,ZCTA5 12040,55
8600000US12041,ZCTA5 12041,173
8600000US12042,ZCTA5 12042,114
8600000US12043,ZCTA5 12043,2898
8600000US12045,ZCTA5 12045,232
8600000US12046,ZCTA5 12046,423
8600000US12047,ZCTA5 12047,9030
8600000US12051,ZCTA5 12051,1500
8600000US12052,ZCTA5 12052,681
8600000US12053,ZCTA5 12053,1384
8600000US12054,ZCTA5 12054,6933
8600000US12056,ZCTA5 12056,809
8600000US12057,ZCTA5 12057,774
8600000US12058,ZCTA5 12058,549
8600000US12059,ZCTA5 12059,682
8600000US12060,ZCTA5 12060,637
8600000US12061,ZCTA5 12061,3871
8600000US12062,ZCTA5 12062,604
8600000US12063,ZCTA5 12063,199
8600000US12064,ZCTA5 12064,170
8600000US12065,ZCTA5 12065,17654
8600000US12066,ZCTA5 12066,757
8600000US12067,ZCTA5 12067,607
8600000US12068,ZCTA5 12068,1239
8600000US12069,ZCTA5 12069,103
8600000US12070,ZCTA5 12070,723
8600000US12071,ZCTA5 12071,127
8600000US12072,ZCTA5 12072,971
8600000US12074,ZCTA5 12074,1195
8600000US12075,ZCTA5 12075,1130
8600000US12076,ZCTA5 12076,630
8600000US12077,ZCTA5 12077,2694
8600000US12078,ZCTA5 12078,10018
8600000US12083,ZCTA5 12083,1415
8600000US12084,ZCTA5 12084,2128
8600000US12085,ZCTA5 12085,189
8600000US12086,ZCTA5 12086,726
8600000US12087,ZCTA5 12087,335
8600000US12089,ZCTA5 12089,35
8600000US12090,ZCTA5 12090,2520
8600000US12092,ZCTA5 12092,396
8600000US12093,ZCTA5 12093,624
8600000US12094,ZCTA5 12094,853
8600000US12095,ZCTA5 12095,4859
8600000US12106,ZCTA5 12106,1036
8600000US12108,ZCTA5 12108,46
8600000US12110,ZCTA5 12110,7245
8600000US12115,ZCTA5 12115,34
8600000US12116,ZCTA5 12116,753
8600000US12117,ZCTA5 12117,1376
8600000US12118,ZCTA5 12118,6669
8600000US12120,ZCTA5 12120,265
8600000US12121,ZCTA5 12121,684
8600000US12122,ZCTA5 12122,1983
8600000US12123,ZCTA5 12123,2213
8600000US12124,ZCTA5 12124,192
8600000US12125,ZCTA5 12125,622
8600000US12130,ZCTA5 12130,271
8600000US12131,ZCTA5 12131,35
8600000US12132,ZCTA5 12132,134
8600000US12134,ZCTA5 12134,1510
8600000US12136,ZCTA5 12136,309
8600000US12137,ZCTA5 12137,704
8600000US12138,ZCTA5 12138,1348
8600000US12139,ZCTA5 12139,55
8600000US12140,ZCTA5 12140,686
8600000US12143,ZCTA5 12143,1973
8600000US12144,ZCTA5 12144,9144
8600000US12147,ZCTA5 12147,216
8600000US12148,ZCTA5 12148,1735
8600000US12149,ZCTA5 12149,938
8600000US12150,ZCTA5 12150,323
8600000US12151,ZCTA5 12151,406
8600000US12153,ZCTA5 12153,348
8600000US12154,ZCTA5 12154,1179
8600000US12155,ZCTA5 12155,829
8600000US12156,ZCTA5 12156,346
8600000US12157,ZCTA5 12157,1685
8600000US12158,ZCTA5 12158,2646
8600000US12159,ZCTA5 12159,3527
8600000US12160,ZCTA5 12160,358
8600000US12161,ZCTA5 12161,77
8600000US12164,ZCTA5 12164,95
8600000US12165,ZCTA5 12165,68
8600000US12166,ZCTA5 12166,484
8600000US12167,ZCTA5 12167,1128
8600000US12168,ZCTA5 12168,907
8600000US12169,ZCTA5 12169,92
8600000US12170,ZCTA5 12170,1962
8600000US12172,ZCTA5 12172,84
8600000US12173,ZCTA5 12173,772
8600000US12174,ZCTA5 12174,141
8600000US12175,ZCTA5 12175,197
8600000US12176,ZCTA5 12176,134
8600000US12177,ZCTA5 12177,163
8600000US12180,ZCTA5 12180,21328
8600000US12182,ZCTA5 12182,6013
8600000US12183,ZCTA5 12183,1261
8600000US12184,ZCTA5 12184,2586
8600000US12185,ZCTA5 12185,762
8600000US12186,ZCTA5 12186,2457
8600000US12187,ZCTA5 12187,234
8600000US12188,ZCTA5 12188,4823
8600000US12189,ZCTA5 12189,8303
8600000US12190,ZCTA5 12190,160
8600000US12192,ZCTA5 12192,722
8600000US12193,ZCTA5 12193,791
8600000US12194,ZCTA5 12194,58
8600000US12195,ZCTA5 12195,65
8600000US12196,ZCTA5 12196,1279
8600000US12197,ZCTA5 12197,778
8600000US12198,ZCTA5 12198,3088
8600000US12202,ZCTA5 12202,4114
8600000US12203,ZCTA5 12203,13199
8600000US12204,ZCTA5 12204,3946
8600000US12205,ZCTA5 12205,11061
8600000US12206,ZCTA5 12206,6228
8600000US12207,ZCTA5 12207,1179
8600000US12208,ZCTA5 12208,9901
8600000US12209,ZCTA5 12209,4154
8600000US12210,ZCTA5 12210,5273
8600000US12211,ZCTA5 12211,4153
8600000US12222,ZCTA5 12222,15
8600000US12302,ZCTA5 12302,9915
8600000US12303,ZCTA5 12303,10373
8600000US12304,ZCTA5 12304,8137
8600000US12305,ZCTA5 12305,2296
8600000US12306,ZCTA5 12306,9271
8600000US12307,ZCTA5 12307,2099
8600000US12308,ZCTA5 12308,4955
8600000US12309,ZCTA5 12309,10709
8600000US12401,ZCTA5 12401,14313
8600000US12404,ZCTA5 12404,1315
8600000US12405,ZCTA5 12405,183
8600000US12406,ZCTA5 12406,452
8600000US12407,ZCTA5 12407,85
8600000US12409,ZCTA5 12409,317
8600000US12410,ZCTA5 12410,206
8600000US12411,ZCTA5 12411,128
8600000US12412,ZCTA5 12412,193
8600000US12413,ZCTA5 12413,1034
8600000US12414,ZCTA5 12414,4083
8600000US12416,ZCTA5 12416,144
8600000US12417,ZCTA5 12417,144
8600000US12418,ZCTA5 12418,146
8600000US12419,ZCTA5 12419,228
8600000US12420,ZCTA5 12420,106
8600000US12421,ZCTA5 12421,127
8600000US12422,ZCTA5 12422,115
8600000US12423,ZCTA5 12423,416
8600000US12424,ZCTA5 12424,122
8600000US12427,ZCTA5 12427,117
8600000US12428,ZCTA5 12428,2579
8600000US12429,ZCTA5 12429,123
8600000US12430,ZCTA5 12430,492
8600000US12431,ZCTA5 12431,402
8600000US12432,ZCTA5 12432,106
8600000US12433,ZCTA5 12433,277
8600000US12434,ZCTA5 12434,376
8600000US12435,ZCTA5 12435,89
8600000US12436,ZCTA5 12436,94
8600000US12438,ZCTA5 12438,8
8600000US12439,ZCTA5 12439,143
8600000US12440,ZCTA5 12440,801
8600000US12441,ZCTA5 12441,42
8600000US12442,ZCTA5 12442,380
8600000US12443,ZCTA5 12443,1404
8600000US12444,ZCTA5 12444,218
8600000US12446,ZCTA5 12446,2036
8600000US12448,ZCTA5 12448,197
8600000US12449,ZCTA5 12449,1233
8600000US12450,ZCTA5 12450,83
8600000US12451,ZCTA5 12451,480
8600000US12452,ZCTA5 12452,101
8600000US12453,ZCTA5 12453,91
8600000US12454,ZCTA5 12454,115
8600000US12455,ZCTA5 12455,815
8600000US12456,ZCTA5 12456,342
8600000US12457,ZCTA5 12457,478
8600000US12458,ZCTA5 12458,917
8600000US12459,ZCTA5 12459,135
8600000US12460,ZCTA5 12460,136
8600000US12461,ZCTA5 12461,744
8600000US12463,ZCTA5 12463,687
8600000US12464,ZCTA5 12464,519
8600000US12465,ZCTA5 12465,108
8600000US12466,ZCTA5 12466,998
8600000US12468,ZCTA5 12468,369
8600000US12469,ZCTA5 12469,286
8600000US12470,ZCTA5 12470,183
8600000US12471,ZCTA5 12471,123
8600000US12472,ZCTA5 12472,610
8600000US12473,ZCTA5 12473,287
8600000US12474,ZCTA5 12474,448
8600000US12475,ZCTA5 12475,104
8600000US12477,ZCTA5 12477,7813
8600000US12480,ZCTA5 12480,263
8600000US12481,ZCTA5 12481,589
8600000US12482,ZCTA5 12482,139
8600000US12483,ZCTA5 12483,141
8600000US12484,ZCTA5 12484,1165
8600000US12485,ZCTA5 12485,554
8600000US12486,ZCTA5 12486,600
8600000US12487,ZCTA5 12487,1273
8600000US12489,ZCTA5 12489,192
8600000US12490,ZCTA5 12490,14
8600000US12491,ZCTA5 12491,612
8600000US12492,ZCTA5 12492,72
8600000US12493,ZCTA5 12493,76
8600000US12494,ZCTA5 12494,310
8600000US12495,ZCTA5 12495,78
8600000US12496,ZCTA5 12496,561
8600000US12498,ZCTA5 12498,2383
8600000US12501,ZCTA5 12501,972
8600000US12502,ZCTA5 12502,437
8600000US12503,ZCTA5 12503,243
8600000US12504,ZCTA5 12504,41
8600000US12507,ZCTA5 12507,83
8600000US12508,ZCTA5 12508,7283
8600000US12512,ZCTA5 12512,58
8600000US12513,ZCTA5 12513,136
8600000US12514,ZCTA5 12514,1138
8600000US12515,ZCTA5 12515,513
8600000US12516,ZCTA5 12516,639
8600000US12517,ZCTA5 12517,215
8600000US12518,ZCTA5 12518,2298
8600000US12520,ZCTA5 12520,1038
8600000US12521,ZCTA5 12521,660
8600000US12522,ZCTA5 12522,1899
8600000US12523,ZCTA5 12523,750
8600000US12524,ZCTA5 12524,5938
8600000US12525,ZCTA5 12525,1092
8600000US12526,ZCTA5 12526,1522
8600000US12527,ZCTA5 12527,0
8600000US12528,ZCTA5 12528,5169
8600000US12529,ZCTA5 12529,941
8600000US12530,ZCTA5 12530,40
8600000US12531,ZCTA5 12531,1113
8600000US12533,ZCTA5 12533,8612
8600000US12534,ZCTA5 12534,7594
8600000US12538,ZCTA5 12538,5084
8600000US12540,ZCTA5 12540,2759
8600000US12542,ZCTA5 12542,2267
8600000US12543,ZCTA5 12543,1362
8600000US12545,ZCTA5 12545,2028
8600000US12546,ZCTA5 12546,1221
8600000US12547,ZCTA5 12547,1072
8600000US12548,ZCTA5 12548,521
8600000US12549,ZCTA5 12549,3788
8600000US12550,ZCTA5 12550,19684
8600000US12553,ZCTA5 12553,9695
8600000US12561,ZCTA5 12561,6442
8600000US12563,ZCTA5 12563,2441
8600000US12564,ZCTA5 12564,2784
8600000US12565,ZCTA5 12565,523
8600000US12566,ZCTA5 12566,3999
8600000US12567,ZCTA5 12567,1109
8600000US12569,ZCTA5 12569,3996
8600000US12570,ZCTA5 12570,2437
8600000US12571,ZCTA5 12571,3887
8600000US12572,ZCTA5 12572,3740
8600000US12574,ZCTA5 12574,102
8600000US12575,ZCTA5 12575,823
8600000US12577,ZCTA5 12577,544
8600000US12578,ZCTA5 12578,828
8600000US12580,ZCTA5 12580,1669
8600000US12581,ZCTA5 12581,1007
8600000US12582,ZCTA5 12582,1424
8600000US12583,ZCTA5 12583,885
8600000US12585,ZCTA5 12585,322
8600000US12586,ZCTA5 12586,4047
8600000US12589,ZCTA5 12589,4762
8600000US12590,ZCTA5 12590,12975
8600000US12592,ZCTA5 12592,503
8600000US12594,ZCTA5 12594,1667
8600000US12601,ZCTA5 12601,16099
8600000US12603,ZCTA5 12603,15708
8600000US12604,ZCTA5 12604,7
8600000US12701,ZCTA5 12701,4119
8600000US12719,ZCTA5 12719,454
8600000US12720,ZCTA5 12720,62
8600000US12721,ZCTA5 12721,2070
8600000US12722,ZCTA5 12722,58
8600000US12723,ZCTA5 12723,680
8600000US12724,ZCTA5 12724,114
8600000US12725,ZCTA5 12725,51
8600000US12726,ZCTA5 12726,479
8600000US12729,ZCTA5 12729,708
8600000US12732,ZCTA5 12732,286
8600000US12733,ZCTA5 12733,262
8600000US12734,ZCTA5 12734,380
8600000US12736,ZCTA5 12736,36
8600000US12737,ZCTA5 12737,717
8600000US12738,ZCTA5 12738,114
8600000US12740,ZCTA5 12740,742
8600000US12741,ZCTA5 12741,116
8600000US12742,ZCTA5 12742,61
8600000US12743,ZCTA5 12743,142
8600000US12745,ZCTA5 12745,76
8600000US12746,ZCTA5 12746,354
8600000US12747,ZCTA5 12747,656
8600000US12748,ZCTA5 12748,898
8600000US12749,ZCTA5 12749,128
8600000US12750,ZCTA5 12750,73
8600000US12751,ZCTA5 12751,355
8600000US12752,ZCTA5 12752,139
8600000US12754,ZCTA5 12754,2535
8600000US12758,ZCTA5 12758,1651
8600000US12759,ZCTA5 12759,623
8600000US12760,ZCTA5 12760,251
8600000US12762,ZCTA5 12762,185
8600000US12763,ZCTA5 12763,262
8600000US12764,ZCTA5 12764,743
8600000US12765,ZCTA5 12765,317
8600000US12766,ZCTA5 12766,183
8600000US12767,ZCTA5 12767,66
8600000US12768,ZCTA5 12768,294
8600000US12769,ZCTA5 12769,183
8600000US12770,ZCTA5 12770,77
8600000US12771,ZCTA5 12771,5720
8600000US12775,ZCTA5 12775,713
8600000US12776,ZCTA5 12776,873
8600000US12777,ZCTA5 12777,436
8600000US12778,ZCTA5 12778,245
8600000US12779,ZCTA5 12779,853
8600000US12780,ZCTA5 12780,844
8600000US12781,ZCTA5 12781,118
8600000US12783,ZCTA5 12783,627
8600000US12784,ZCTA5 12784,17
8600000US12785,ZCTA5 12785,377
8600000US12786,ZCTA5 12786,215
8600000US12787,ZCTA5 12787,107
8600000US12788,ZCTA5 12788,914
8600000US12789,ZCTA5 12789,862
8600000US12790,ZCTA5 12790,1602
8600000US12791,ZCTA5 12791,222
8600000US12792,ZCTA5 12792,104
8600000US12801,ZCTA5 12801,6434
8600000US12803,ZCTA5 12803,3586
8600000US12804,ZCTA5 12804,11048
8600000US12808,ZCTA5 12808,147
8600000US12809,ZCTA5 12809,1414
8600000US12810,ZCTA5 12810,270
8600000US12811,ZCTA5 12811,33
8600000US12812,ZCTA5 12812,50
8600000US12814,ZCTA5 12814,635
8600000US12815,ZCTA5 12815,483
8600000US12816,ZCTA5 12816,1990
8600000US12817,ZCTA5 12817,942
8600000US12819,ZCTA5 12819,108
8600000US12821,ZCTA5 12821,118
8600000US12822,ZCTA5 12822,2309
8600000US12823,ZCTA5 12823,111
8600000US12824,ZCTA5 12824,455
8600000US12827,ZCTA5 12827,1392
8600000US12828,ZCTA5 12828,3840
8600000US12831,ZCTA5 12831,6169
8600000US12832,ZCTA5 12832,2761
8600000US12833,ZCTA5 12833,1639
8600000US12834,ZCTA5 12834,2589
8600000US12835,ZCTA5 12835,1110
8600000US12836,ZCTA5 12836,271
8600000US12837,ZCTA5 12837,405
8600000US12838,ZCTA5 12838,262
8600000US12839,ZCTA5 12839,5285
8600000US12841,ZCTA5 12841,112
8600000US12842,ZCTA5 12842,267
8600000US12843,ZCTA5 12843,246
8600000US12844,ZCTA5 12844,114
8600000US12845,ZCTA5 12845,1960
8600000US12846,ZCTA5 12846,1483
8600000US12847,ZCTA5 12847,142
8600000US12849,ZCTA5 12849,166
8600000US12850,ZCTA5 12850,1121
8600000US12851,ZCTA5 12851,180
8600000US12852,ZCTA5 12852,207
8600000US12853,ZCTA5 12853,751
8600000US12855,ZCTA5 12855,116
8600000US12856,ZCTA5 12856,105
8600000US12857,ZCTA5 12857,255
8600000US12858,ZCTA5 12858,66
8600000US12859,ZCTA5 12859,918
8600000US12860,ZCTA5 12860,258
8600000US12861,ZCTA5 12861,273
8600000US12862,ZCTA5 12862,0
8600000US12863,ZCTA5 12863,263
8600000US12864,ZCTA5 12864,19
8600000US12865,ZCTA5 12865,1437
8600000US12866,ZCTA5 12866,17628
8600000US12870,ZCTA5 12870,755
8600000US12871,ZCTA5 12871,1728
8600000US12872,ZCTA5 12872,16
8600000US12873,ZCTA5 12873,363
8600000US12874,ZCTA5 12874,88
8600000US12878,ZCTA5 12878,260
8600000US12883,ZCTA5 12883,2152
8600000US12884,ZCTA5 12884,196
8600000US12885,ZCTA5 12885,1939
8600000US12886,ZCTA5 12886,126
8600000US12887,ZCTA5 12887,1776
8600000US12901,ZCTA5 12901,13257
8600000US12903,ZCTA5 12903,697
8600000US12910,ZCTA5 12910,621
8600000US12911,ZCTA5 12911,0
8600000US12912,ZCTA5 12912,890
8600000US12913,ZCTA5 12913,510
8600000US12914,ZCTA5 12914,349
8600000US12916,ZCTA5 12916,895
8600000US12917,ZCTA5 12917,532
8600000US12918,ZCTA5 12918,896
8600000US12919,ZCTA5 12919,1134
8600000US12920,ZCTA5 12920,976
8600000US12921,ZCTA5 12921,986
8600000US12922,ZCTA5 12922,16
8600000US12923,ZCTA5 12923,243
8600000US12924,ZCTA5 12924,37
8600000US12926,ZCTA5 12926,978
8600000US12927,ZCTA5 12927,132
8600000US12928,ZCTA5 12928,832
8600000US12929,ZCTA5 12929,314
8600000US12930,ZCTA5 12930,279
8600000US12932,ZCTA5 12932,509
8600000US12933,ZCTA5 12933,26
8600000US12934,ZCTA5 12934,415
8600000US12935,ZCTA5 12935,649
8600000US12936,ZCTA5 12936,215
8600000US12937,ZCTA5 12937,658
8600000US12939,ZCTA5 12939,97
8600000US12941,ZCTA5 12941,527
8600000US12942,ZCTA5 12942,392
8600000US12943,ZCTA5 12943,200
8600000US12944,ZCTA5 12944,1670
8600000US12945,ZCTA5 12945,202
8600000US12946,ZCTA5 12946,1761
8600000US12950,ZCTA5 12950,277
8600000US12952,ZCTA5 12952,129
8600000US12953,ZCTA5 12953,4727
8600000US12955,ZCTA5 12955,158
8600000US12956,ZCTA5 12956,595
8600000US12957,ZCTA5 12957,682
8600000US12958,ZCTA5 12958,851
8600000US12959,ZCTA5 12959,619
8600000US12960,ZCTA5 12960,333
8600000US12961,ZCTA5 12961,174
8600000US12962,ZCTA5 12962,2236
8600000US12964,ZCTA5 12964,36
8600000US12965,ZCTA5 12965,164
8600000US12966,ZCTA5 12966,1132
8600000US12967,ZCTA5 12967,463
8600000US12969,ZCTA5 12969,200
8600000US12970,ZCTA5 12970,146
8600000US12972,ZCTA5 12972,2285
8600000US12973,ZCTA5 12973,50
8600000US12974,ZCTA5 12974,681
8600000US12975,ZCTA5 12975,136
8600000US12976,ZCTA5 12976,120
8600000US12977,ZCTA5 12977,37
8600000US12978,ZCTA5 12978,143
8600000US12979,ZCTA5 12979,1121
8600000US12980,ZCTA5 12980,535
8600000US12981,ZCTA5 12981,1078
8600000US12983,ZCTA5 12983,3348
8600000US12985,ZCTA5 12985,506
8600000US12986,ZCTA5 12986,2568
8600000US12987,ZCTA5 12987,106
8600000US12989,ZCTA5 12989,463
8600000US12992,ZCTA5 12992,1739
8600000US12993,ZCTA5 12993,711
8600000US12996,ZCTA5 12996,927
8600000US12997,ZCTA5 12997,513
8600000US12998,ZCTA5 12998,223
8600000US13020,ZCTA5 13020,37
8600000US13021,ZCTA5 13021,16708
8600000US13024,ZCTA5 13024,0
8600000US13026,ZCTA5 13026,582
8600000US13027,ZCTA5 13027,13911
8600000US13028,ZCTA5 13028,486
8600000US13029,ZCTA5 13029,2774
8600000US13030,ZCTA5 13030,1435
8600000US13031,ZCTA5 13031,6103
8600000US13032,ZCTA5 13032,4638
8600000US13033,ZCTA5 13033,1382
8600000US13034,ZCTA5 13034,810
8600000US13035,ZCTA5 13035,2980
8600000US13036,ZCTA5 13036,3739
8600000US13037,ZCTA5 13037,3562
8600000US13039,ZCTA5 13039,6609
8600000US13040,ZCTA5 13040,980
8600000US13041,ZCTA5 13041,4333
8600000US13042,ZCTA5 13042,894
8600000US13044,ZCTA5 13044,1093
8600000US13045,ZCTA5 13045,10495
8600000US13051,ZCTA5 13051,88
8600000US13052,ZCTA5 13052,571
8600000US13053,ZCTA5 13053,1821
8600000US13054,ZCTA5 13054,643
8600000US13057,ZCTA5 13057,6121
8600000US13060,ZCTA5 13060,1207
8600000US13061,ZCTA5 13061,420
8600000US13062,ZCTA5 13062,16
8600000US13063,ZCTA5 13063,739
8600000US13064,ZCTA5 13064,80
8600000US13066,ZCTA5 13066,5159
8600000US13068,ZCTA5 13068,2179
8600000US13069,ZCTA5 13069,9348
8600000US13071,ZCTA5 13071,365
8600000US13072,ZCTA5 13072,343
8600000US13073,ZCTA5 13073,2621
8600000US13074,ZCTA5 13074,1588
8600000US13076,ZCTA5 13076,897
8600000US13077,ZCTA5 13077,2721
8600000US13078,ZCTA5 13078,3884
8600000US13080,ZCTA5 13080,1277
8600000US13081,ZCTA5 13081,438
8600000US13082,ZCTA5 13082,1685
8600000US13083,ZCTA5 13083,764
8600000US13084,ZCTA5 13084,1576
8600000US13087,ZCTA5 13087,52
8600000US13088,ZCTA5 13088,10151
8600000US13090,ZCTA5 13090,12184
8600000US13092,ZCTA5 13092,1036
8600000US13101,ZCTA5 13101,890
8600000US13102,ZCTA5 13102,29
8600000US13103,ZCTA5 13103,119
8600000US13104,ZCTA5 13104,6101
8600000US13108,ZCTA5 13108,2472
8600000US13110,ZCTA5 13110,884
8600000US13111,ZCTA5 13111,636
8600000US13112,ZCTA5 13112,636
8600000US13113,ZCTA5 13113,99
8600000US13114,ZCTA5 13114,2347
8600000US13115,ZCTA5 13115,110
8600000US13116,ZCTA5 13116,1392
8600000US13117,ZCTA5 13117,115
8600000US13118,ZCTA5 13118,2165
8600000US13120,ZCTA5 13120,798
8600000US13122,ZCTA5 13122,415
8600000US13123,ZCTA5 13123,80
8600000US13124,ZCTA5 13124,36
8600000US13126,ZCTA5 13126,13634
8600000US13131,ZCTA5 13131,1410
8600000US13132,ZCTA5 13132,1339
8600000US13134,ZCTA5 13134,65
8600000US13135,ZCTA5 13135,2630
8600000US13136,ZCTA5 13136,192
8600000US13138,ZCTA5 13138,19
8600000US13140,ZCTA5 13140,1800
8600000US13141,ZCTA5 13141,267
8600000US13142,ZCTA5 13142,2567
8600000US13143,ZCTA5 13143,1043
8600000US13144,ZCTA5 13144,562
8600000US13145,ZCTA5 13145,690
8600000US13146,ZCTA5 13146,830
8600000US13147,ZCTA5 13147,426
8600000US13148,ZCTA5 13148,4545
8600000US13152,ZCTA5 13152,3411
8600000US13153,ZCTA5 13153,173
8600000US13155,ZCTA5 13155,210
8600000US13156,ZCTA5 13156,749
8600000US13157,ZCTA5 13157,315
8600000US13158,ZCTA5 13158,611
8600000US13159,ZCTA5 13159,2092
8600000US13160,ZCTA5 13160,724
8600000US13162,ZCTA5 13162,132
8600000US13163,ZCTA5 13163,139
8600000US13164,ZCTA5 13164,878
8600000US13165,ZCTA5 13165,4301
8600000US13166,ZCTA5 13166,2285
8600000US13167,ZCTA5 13167,1241
8600000US13202,ZCTA5 13202,2683
8600000US13203,ZCTA5 13203,7109
8600000US13204,ZCTA5 13204,7903
8600000US13205,ZCTA5 13205,6937
8600000US13206,ZCTA5 13206,7793
8600000US13207,ZCTA5 13207,5179
8600000US13208,ZCTA5 13208,8564
8600000US13209,ZCTA5 13209,5452
8600000US13210,ZCTA5 13210,7639
8600000US13211,ZCTA5 13211,2374
8600000US13212,ZCTA5 13212,8915
8600000US13214,ZCTA5 13214,2880
8600000US13215,ZCTA5 13215,5432
8600000US13219,ZCTA5 13219,6224
8600000US13224,ZCTA5 13224,3547
8600000US13290,ZCTA5 13290,0
8600000US13301,ZCTA5 13301,53
8600000US13302,ZCTA5 13302,669
8600000US13303,ZCTA5 13303,435
8600000US13304,ZCTA5 13304,697
8600000US13305,ZCTA5 13305,96
8600000US13308,ZCTA5 13308,1231
8600000US13309,ZCTA5 13309,2236
8600000US13310,ZCTA5 13310,238
8600000US13312,ZCTA5 13312,199
8600000US13313,ZCTA5 13313,156
8600000US13314,ZCTA5 13314,124
8600000US13315,ZCTA5 13315,544
8600000US13316,ZCTA5 13316,2715
8600000US13317,ZCTA5 13317,1531
8600000US13318,ZCTA5 13318,536
8600000US13319,ZCTA5 13319,275
8600000US13320,ZCTA5 13320,801
8600000US13321,ZCTA5 13321,441
8600000US13322,ZCTA5 13322,385
8600000US13323,ZCTA5 13323,4128
8600000US13324,ZCTA5 13324,898
8600000US13325,ZCTA5 13325,395
8600000US13326,ZCTA5 13326,2324
8600000US13327,ZCTA5 13327,777
8600000US13328,ZCTA5 13328,635
8600000US13329,ZCTA5 13329,1630
8600000US13331,ZCTA5 13331,66
8600000US13332,ZCTA5 13332,1041
8600000US13333,ZCTA5 13333,21
8600000US13334,ZCTA5 13334,384
8600000US13335,ZCTA5 13335,499
8600000US13337,ZCTA5 13337,327
8600000US13338,ZCTA5 13338,563
8600000US13339,ZCTA5 13339,2215
8600000US13340,ZCTA5 13340,3121
8600000US13341,ZCTA5 13341,63
8600000US13342,ZCTA5 13342,80
8600000US13343,ZCTA5 13343,732
8600000US13345,ZCTA5 13345,54
8600000US13346,ZCTA5 13346,1767
8600000US13348,ZCTA5 13348,603
8600000US13350,ZCTA5 13350,4152
8600000US13352,ZCTA5 13352,11
8600000US13353,ZCTA5 13353,9
8600000US13354,ZCTA5 13354,1455
8600000US13355,ZCTA5 13355,318
8600000US13357,ZCTA5 13357,4184
8600000US13360,ZCTA5 13360,29
8600000US13361,ZCTA5 13361,245
8600000US13362,ZCTA5 13362,50
8600000US13363,ZCTA5 13363,985
8600000US13364,ZCTA5 13364,52
8600000US13365,ZCTA5 13365,3131
8600000US13367,ZCTA5 13367,3222
8600000US13368,ZCTA5 13368,447
8600000US13402,ZCTA5 13402,752
8600000US13403,ZCTA5 13403,1783
8600000US13404,ZCTA5 13404,58
8600000US13406,ZCTA5 13406,313
8600000US13407,ZCTA5 13407,2040
8600000US13408,ZCTA5 13408,972
8600000US13409,ZCTA5 13409,865
8600000US13410,ZCTA5 13410,98
8600000US13411,ZCTA5 13411,1266
8600000US13413,ZCTA5 13413,6393
8600000US13415,ZCTA5 13415,27
8600000US13416,ZCTA5 13416,856
8600000US13417,ZCTA5 13417,1667
8600000US13418,ZCTA5 13418,111
8600000US13420,ZCTA5 13420,439
8600000US13421,ZCTA5 13421,5404
8600000US13424,ZCTA5 13424,873
8600000US13425,ZCTA5 13425,889
8600000US13428,ZCTA5 13428,608
8600000US13431,ZCTA5 13431,661
8600000US13433,ZCTA5 13433,652
8600000US13435,ZCTA5 13435,105
8600000US13436,ZCTA5 13436,30
8600000US13437,ZCTA5 13437,145
8600000US13438,ZCTA5 13438,1406
8600000US13439,ZCTA5 13439,1477
8600000US13440,ZCTA5 13440,16261
8600000US13441,ZCTA5 13441,103
8600000US13450,ZCTA5 13450,28
8600000US13452,ZCTA5 13452,1797
8600000US13454,ZCTA5 13454,288
8600000US13456,ZCTA5 13456,1655
8600000US13459,ZCTA5 13459,1009
8600000US13460,ZCTA5 13460,1835
8600000US13461,ZCTA5 13461,1237
8600000US13464,ZCTA5 13464,588
8600000US13468,ZCTA5 13468,188
8600000US13469,ZCTA5 13469,468
8600000US13470,ZCTA5 13470,277
8600000US13471,ZCTA5 13471,1244
8600000US13472,ZCTA5 13472,43
8600000US13473,ZCTA5 13473,268
8600000US13475,ZCTA5 13475,5
8600000US13476,ZCTA5 13476,1491
8600000US13477,ZCTA5 13477,436
8600000US13478,ZCTA5 13478,1160
8600000US13480,ZCTA5 13480,1429
8600000US13483,ZCTA5 13483,136
8600000US13484,ZCTA5 13484,85
8600000US13485,ZCTA5 13485,446
8600000US13486,ZCTA5 13486,395
8600000US13488,ZCTA5 13488,56
8600000US13489,ZCTA5 13489,273
8600000US13490,ZCTA5 13490,654
8600000US13491,ZCTA5 13491,1364
8600000US13492,ZCTA5 13492,4818
8600000US13493,ZCTA5 13493,735
8600000US13494,ZCTA5 13494,125
8600000US13495,ZCTA5 13495,847
8600000US13501,ZCTA5 13501,13775
8600000US13502,ZCTA5 13502,12936
8600000US13601,ZCTA5 13601,15076
8600000US13602,ZCTA5 13602,83
8600000US13603,ZCTA5 13603,3222
8600000US13605,ZCTA5 13605,1940
8600000US13606,ZCTA5 13606,1043
8600000US13607,ZCTA5 13607,684
8600000US13608,ZCTA5 13608,572
8600000US13612,ZCTA5 13612,1000
8600000US13613,ZCTA5 13613,1119
8600000US13614,ZCTA5 13614,119
8600000US13615,ZCTA5 13615,385
8600000US13616,ZCTA5 13616,705
8600000US13617,ZCTA5 13617,3566
8600000US13618,ZCTA5 13618,747
8600000US13619,ZCTA5 13619,4080
8600000US13620,ZCTA5 13620,762
8600000US13621,ZCTA5 13621,229
8600000US13622,ZCTA5 13622,952
8600000US13623,ZCTA5 13623,15
8600000US13624,ZCTA5 13624,1897
8600000US13625,ZCTA5 13625,760
8600000US13626,ZCTA5 13626,897
8600000US13628,ZCTA5 13628,92
8600000US13630,ZCTA5 13630,533
8600000US13633,ZCTA5 13633,124
8600000US13634,ZCTA5 13634,1507
8600000US13635,ZCTA5 13635,445
8600000US13636,ZCTA5 13636,74
8600000US13637,ZCTA5 13637,1745
8600000US13638,ZCTA5 13638,130
8600000US13639,ZCTA5 13639,110
8600000US13640,ZCTA5 13640,165
8600000US13641,ZCTA5 13641,23
8600000US13642,ZCTA5 13642,3855
8600000US13643,ZCTA5 13643,13
8600000US13646,ZCTA5 13646,873
8600000US13647,ZCTA5 13647,34
8600000US13648,ZCTA5 13648,896
8600000US13650,ZCTA5 13650,627
8600000US13651,ZCTA5 13651,58
8600000US13652,ZCTA5 13652,619
8600000US13654,ZCTA5 13654,872
8600000US13655,ZCTA5 13655,1440
8600000US13656,ZCTA5 13656,964
8600000US13658,ZCTA5 13658,908
8600000US13659,ZCTA5 13659,171
8600000US13660,ZCTA5 13660,618
8600000US13661,ZCTA5 13661,558
8600000US13662,ZCTA5 13662,7209
8600000US13664,ZCTA5 13664,133
8600000US13665,ZCTA5 13665,331
8600000US13666,ZCTA5 13666,82
8600000US13667,ZCTA5 13667,1263
8600000US13668,ZCTA5 13668,1384
8600000US13669,ZCTA5 13669,6100
8600000US13670,ZCTA5 13670,197
8600000US13672,ZCTA5 13672,239
8600000US13673,ZCTA5 13673,891
8600000US13674,ZCTA5 13674,32
8600000US13675,ZCTA5 13675,36
8600000US13676,ZCTA5 13676,5402
8600000US13677,ZCTA5 13677,8
8600000US13678,ZCTA5 13678,192
8600000US13679,ZCTA5 13679,655
8600000US13680,ZCTA5 13680,522
8600000US13681,ZCTA5 13681,381
8600000US13682,ZCTA5 13682,282
8600000US13684,ZCTA5 13684,408
8600000US13685,ZCTA5 13685,1118
8600000US13687,ZCTA5 13687,197
8600000US13690,ZCTA5 13690,321
8600000US13691,ZCTA5 13691,1228
8600000US13692,ZCTA5 13692,22
8600000US13693,ZCTA5 13693,191
8600000US13694,ZCTA5 13694,591
8600000US13695,ZCTA5 13695,39
8600000US13696,ZCTA5 13696,37
8600000US13697,ZCTA5 13697,843
8600000US13730,ZCTA5 13730,1260
8600000US13731,ZCTA5 13731,459
8600000US13732,ZCTA5 13732,3103
8600000US13733,ZCTA5 13733,2073
8600000US13734,ZCTA5 13734,736
8600000US13736,ZCTA5 13736,856
8600000US13739,ZCTA5 13739,352
8600000US13740,ZCTA5 13740,239
8600000US13743,ZCTA5 13743,1379
8600000US13744,ZCTA5 13744,454
8600000US13746,ZCTA5 13746,836
8600000US13748,ZCTA5 13748,1610
8600000US13750,ZCTA5 13750,411
8600000US13751,ZCTA5 13751,73
8600000US13752,ZCTA5 13752,301
8600000US13753,ZCTA5 13753,1823
8600000US13754,ZCTA5 13754,1361
8600000US13755,ZCTA5 13755,490
8600000US13756,ZCTA5 13756,193
8600000US13757,ZCTA5 13757,524
8600000US13760,ZCTA5 13760,18753
8600000US13774,ZCTA5 13774,66
8600000US13775,ZCTA5 13775,765
8600000US13776,ZCTA5 13776,256
8600000US13777,ZCTA5 13777,137
8600000US13778,ZCTA5 13778,2380
8600000US13780,ZCTA5 13780,381
8600000US13782,ZCTA5 13782,326
8600000US13783,ZCTA5 13783,1121
8600000US13784,ZCTA5 13784,39
8600000US13786,ZCTA5 13786,187
8600000US13787,ZCTA5 13787,1460
8600000US13788,ZCTA5 13788,381
8600000US13790,ZCTA5 13790,7619
8600000US13794,ZCTA5 13794,16
8600000US13795,ZCTA5 13795,1309
8600000US13796,ZCTA5 13796,571
8600000US13797,ZCTA5 13797,836
8600000US13801,ZCTA5 13801,633
8600000US13802,ZCTA5 13802,254
8600000US13803,ZCTA5 13803,1474
8600000US13804,ZCTA5 13804,140
8600000US13806,ZCTA5 13806,115
8600000US13807,ZCTA5 13807,514
8600000US13808,ZCTA5 13808,565
8600000US13809,ZCTA5 13809,684
8600000US13810,ZCTA5 13810,515
8600000US13811,ZCTA5 13811,1601
8600000US13812,ZCTA5 13812,926
8600000US13813,ZCTA5 13813,304
8600000US13815,ZCTA5 13815,5615
8600000US13820,ZCTA5 13820,7698
8600000US13825,ZCTA5 13825,1244
8600000US13826,ZCTA5 13826,15
8600000US13827,ZCTA5 13827,5083
8600000US13830,ZCTA5 13830,2258
8600000US13832,ZCTA5 13832,241
8600000US13833,ZCTA5 13833,1496
8600000US13834,ZCTA5 13834,86
8600000US13835,ZCTA5 13835,454
8600000US13838,ZCTA5 13838,1692
8600000US13839,ZCTA5 13839,507
8600000US13841,ZCTA5 13841,254
8600000US13842,ZCTA5 13842,212
8600000US13843,ZCTA5 13843,845
8600000US13844,ZCTA5 13844,284
8600000US13845,ZCTA5 13845,63
8600000US13846,ZCTA5 13846,145
8600000US13847,ZCTA5 13847,28
8600000US13849,ZCTA5 13849,1852
8600000US13850,ZCTA5 13850,8936
8600000US13856,ZCTA5 13856,2727
8600000US13859,ZCTA5 13859,82
8600000US13860,ZCTA5 13860,7
8600000US13861,ZCTA5 13861,127
8600000US13862,ZCTA5 13862,1699
8600000US13863,ZCTA5 13863,238
8600000US13864,ZCTA5 13864,447
8600000US13865,ZCTA5 13865,2512
8600000US13901,ZCTA5 13901,8108
8600000US13902,ZCTA5 13902,8
8600000US13903,ZCTA5 13903,7649
8600000US13904,ZCTA5 13904,3887
8600000US13905,ZCTA5 13905,11194
8600000US14001,ZCTA5 14001,4064
8600000US14004,ZCTA5 14004,4219
8600000US14005,ZCTA5 14005,661
8600000US14006,ZCTA5 14006,4162
8600000US14008,ZCTA5 14008,581
8600000US14009,ZCTA5 14009,2381
8600000US14011,ZCTA5 14011,2783
8600000US14012,ZCTA5 14012,886
8600000US14013,ZCTA5 14013,709
8600000US14020,ZCTA5 14020,9658
8600000US14024,ZCTA5 14024,604
8600000US14025,ZCTA5 14025,1539
8600000US14026,ZCTA5 14026,320
8600000US14028,ZCTA5 14028,743
8600000US14030,ZCTA5 14030,738
8600000US14031,ZCTA5 14031,4187
8600000US14032,ZCTA5 14032,3132
8600000US14033,ZCTA5 14033,752
8600000US14034,ZCTA5 14034,726
8600000US14035,ZCTA5 14035,30
8600000US14036,ZCTA5 14036,2080
8600000US14037,ZCTA5 14037,437
8600000US14039,ZCTA5 14039,35
8600000US14040,ZCTA5 14040,712
8600000US14041,ZCTA5 14041,75
8600000US14042,ZCTA5 14042,1630
8600000US14043,ZCTA5 14043,10981
8600000US14047,ZCTA5 14047,2523
8600000US14048,ZCTA5 14048,6311
8600000US14051,ZCTA5 14051,7991
8600000US14052,ZCTA5 14052,6816
8600000US14054,ZCTA5 14054,622
8600000US14055,ZCTA5 14055,593
8600000US14057,ZCTA5 14057,3197
8600000US14058,ZCTA5 14058,753
8600000US14059,ZCTA5 14059,4155
8600000US14060,ZCTA5 14060,188
8600000US14061,ZCTA5 14061,119
8600000US14062,ZCTA5 14062,1310
8600000US14063,ZCTA5 14063,5130
8600000US14065,ZCTA5 14065,635
8600000US14066,ZCTA5 14066,534
8600000US14067,ZCTA5 14067,1951
8600000US14068,ZCTA5 14068,2663
8600000US14069,ZCTA5 14069,313
8600000US14070,ZCTA5 14070,2235
8600000US14072,ZCTA5 14072,8501
8600000US14075,ZCTA5 14075,18463
8600000US14080,ZCTA5 14080,1800
8600000US14081,ZCTA5 14081,1328
8600000US14082,ZCTA5 14082,219
8600000US14085,ZCTA5 14085,2628
8600000US14086,ZCTA5 14086,13231
8600000US14091,ZCTA5 14091,405
8600000US14092,ZCTA5 14092,4804
8600000US14094,ZCTA5 14094,20291
8600000US14098,ZCTA5 14098,1298
8600000US14101,ZCTA5 14101,715
8600000US14102,ZCTA5 14102,455
8600000US14103,ZCTA5 14103,4618
8600000US14105,ZCTA5 14105,1827
8600000US14108,ZCTA5 14108,2227
8600000US14109,ZCTA5 14109,0
8600000US14111,ZCTA5 14111,1314
8600000US14112,ZCTA5 14112,44
8600000US14113,ZCTA5 14113,230
8600000US14120,ZCTA5 14120,18671
8600000US14125,ZCTA5 14125,1435
8600000US14126,ZCTA5 14126,223
8600000US14127,ZCTA5 14127,12158
8600000US14129,ZCTA5 14129,548
8600000US14130,ZCTA5 14130,67
8600000US14131,ZCTA5 14131,2086
8600000US14132,ZCTA5 14132,2271
8600000US14134,ZCTA5 14134,47
8600000US14135,ZCTA5 14135,43
8600000US14136,ZCTA5 14136,1955
8600000US14138,ZCTA5 14138,729
8600000US14139,ZCTA5 14139,865
8600000US14141,ZCTA5 14141,3173
8600000US14143,ZCTA5 14143,433
8600000US14145,ZCTA5 14145,746
8600000US14150,ZCTA5 14150,18818
8600000US14167,ZCTA5 14167,693
8600000US14168,ZCTA5 14168,6
8600000US14169,ZCTA5 14169,63
8600000US14170,ZCTA5 14170,1211
8600000US14171,ZCTA5 14171,768
8600000US14172,ZCTA5 14172,1290
8600000US14173,ZCTA5 14173,101
8600000US14174,ZCTA5 14174,2285
8600000US14201,ZCTA5 14201,5592
8600000US14202,ZCTA5 14202,1769
8600000US14203,ZCTA5 14203,1104
8600000US14204,ZCTA5 14204,4146
8600000US14206,ZCTA5 14206,8957
8600000US14207,ZCTA5 14207,9326
8600000US14208,ZCTA5 14208,4178
8600000US14209,ZCTA5 14209,3837
8600000US14210,ZCTA5 14210,6088
8600000US14211,ZCTA5 14211,9420
8600000US14212,ZCTA5 14212,4617
8600000US14213,ZCTA5 14213,9148
8600000US14214,ZCTA5 14214,7928
8600000US14215,ZCTA5 14215,16710
8600000US14216,ZCTA5 14216,10378
8600000US14217,ZCTA5 14217,10921
8600000US14218,ZCTA5 14218,7965
8600000US14219,ZCTA5 14219,5546
8600000US14220,ZCTA5 14220,9564
8600000US14221,ZCTA5 14221,23245
8600000US14222,ZCTA5 14222,6556
8600000US14223,ZCTA5 14223,9798
8600000US14224,ZCTA5 14224,17826
8600000US14225,ZCTA5 14225,15260
8600000US14226,ZCTA5 14226,12826
8600000US14227,ZCTA5 14227,10201
8600000US14228,ZCTA5 14228,9334
8600000US14261,ZCTA5 14261,4
8600000US14301,ZCTA5 14301,5574
8600000US14302,ZCTA5 14302,30
8600000US14303,ZCTA5 14303,2503
8600000US14304,ZCTA5 14304,13019
8600000US14305,ZCTA5 14305,7155
8600000US14411,ZCTA5 14411,4994
8600000US14414,ZCTA5 14414,3056
8600000US14415,ZCTA5 14415,77
8600000US14416,ZCTA5 14416,1423
8600000US14418,ZCTA5 14418,507
8600000US14420,ZCTA5 14420,7245
8600000US14422,ZCTA5 14422,923
8600000US14423,ZCTA5 14423,1831
8600000US14424,ZCTA5 14424,12118
8600000US14425,ZCTA5 14425,4905
8600000US14427,ZCTA5 14427,821
8600000US14428,ZCTA5 14428,2854
8600000US14432,ZCTA5 14432,2263
8600000US14433,ZCTA5 14433,1527
8600000US14435,ZCTA5 14435,1208
8600000US14437,ZCTA5 14437,3984
8600000US14441,ZCTA5 14441,115
8600000US14445,ZCTA5 14445,3386
8600000US14450,ZCTA5 14450,17245
8600000US14454,ZCTA5 14454,3180
8600000US14456,ZCTA5 14456,7496
8600000US14462,ZCTA5 14462,185
8600000US14464,ZCTA5 14464,2807
8600000US14466,ZCTA5 14466,655
8600000US14467,ZCTA5 14467,4031
8600000US14468,ZCTA5 14468,6781
8600000US14469,ZCTA5 14469,2544
8600000US14470,ZCTA5 14470,3177
8600000US14471,ZCTA5 14471,993
8600000US14472,ZCTA5 14472,3301
8600000US14475,ZCTA5 14475,163
8600000US14476,ZCTA5 14476,951
8600000US14477,ZCTA5 14477,585
8600000US14478,ZCTA5 14478,257
8600000US14479,ZCTA5 14479,68
8600000US14480,ZCTA5 14480,329
8600000US14481,ZCTA5 14481,735
8600000US14482,ZCTA5 14482,3406
8600000US14485,ZCTA5 14485,1603
8600000US14486,ZCTA5 14486,152
8600000US14487,ZCTA5 14487,2380
8600000US14489,ZCTA5 14489,2735
8600000US14502,ZCTA5 14502,4233
8600000US14504,ZCTA5 14504,774
8600000US14505,ZCTA5 14505,2033
8600000US14506,ZCTA5 14506,556
8600000US14507,ZCTA5 14507,420
8600000US14510,ZCTA5 14510,2159
8600000US14511,ZCTA5 14511,168
8600000US14512,ZCTA5 14512,1896
8600000US14513,ZCTA5 14513,5749
8600000US14514,ZCTA5 14514,2676
8600000US14516,ZCTA5 14516,955
8600000US14517,ZCTA5 14517,1232
8600000US14519,ZCTA5 14519,4998
8600000US14521,ZCTA5 14521,1008
8600000US14522,ZCTA5 14522,3911
8600000US14525,ZCTA5 14525,985
8600000US14526,ZCTA5 14526,8276
8600000US14527,ZCTA5 14527,4668
8600000US14529,ZCTA5 14529,36
8600000US14530,ZCTA5 14530,2183
8600000US14532,ZCTA5 14532,1686
8600000US14533,ZCTA5 14533,879
8600000US14534,ZCTA5 14534,11817
8600000US14536,ZCTA5 14536,270
8600000US14537,ZCTA5 14537,59
8600000US14539,ZCTA5 14539,38
8600000US14541,ZCTA5 14541,927
8600000US14542,ZCTA5 14542,34
8600000US14543,ZCTA5 14543,1234
8600000US14544,ZCTA5 14544,729
8600000US14545,ZCTA5 14545,69
8600000US14546,ZCTA5 14546,1991
8600000US14548,ZCTA5 14548,1579
8600000US14549,ZCTA5 14549,51
8600000US14550,ZCTA5 14550,629
8600000US14551,ZCTA5 14551,2039
8600000US14555,ZCTA5 14555,548
8600000US14559,ZCTA5 14559,7112
8600000US14560,ZCTA5 14560,827
8600000US14561,ZCTA5 14561,1150
8600000US14564,ZCTA5 14564,6027
8600000US14568,ZCTA5 14568,2266
8600000US14569,ZCTA5 14569,2638
8600000US14571,ZCTA5 14571,565
8600000US14572,ZCTA5 14572,2035
8600000US14580,ZCTA5 14580,21825
8600000US14585,ZCTA5 14585,54
8600000US14586,ZCTA5 14586,4316
8600000US14588,ZCTA5 14588,69
8600000US14589,ZCTA5 14589,2988
8600000US14590,ZCTA5 14590,2221
8600000US14591,ZCTA5 14591,616
8600000US14592,ZCTA5 14592,27
8600000US14604,ZCTA5 14604,1687
8600000US14605,ZCTA5 14605,4208
8600000US14606,ZCTA5 14606,11555
8600000US14607,ZCTA5 14607,9564
8600000US14608,ZCTA5 14608,5135
8600000US14609,ZCTA5 14609,17371
8600000US14610,ZCTA5 14610,6898
8600000US14611,ZCTA5 14611,6521
8600000US14612,ZCTA5 14612,15006
8600000US14613,ZCTA5 14613,5229
8600000US14614,ZCTA5 14614,76
8600000US14615,ZCTA5 14615,7080
8600000US14616,ZCTA5 14616,11622
8600000US14617,ZCTA5 14617,9558
8600000US14618,ZCTA5 14618,8277
8600000US14619,ZCTA5 14619,5318
8600000US14620,ZCTA5 14620,11174
8600000US14621,ZCTA5 14621,12513
8600000US14622,ZCTA5 14622,5577
8600000US14623,ZCTA5 14623,8670
8600000US14624,ZCTA5 14624,14303
8600000US14625,ZCTA5 14625,4383
8600000US14626,ZCTA5 14626,12737
8600000US14627,ZCTA5 14627,0
8600000US14701,ZCTA5 14701,16913
8600000US14706,ZCTA5 14706,2647
8600000US14707,ZCTA5 14707,62
8600000US14708,ZCTA5 14708,69
8600000US14709,ZCTA5 14709,572
8600000US14710,ZCTA5 14710,1347
8600000US14711,ZCTA5 14711,674
8600000US14712,ZCTA5 14712,1316
8600000US14714,ZCTA5 14714,214
8600000US14715,ZCTA5 14715,1115
8600000US14716,ZCTA5 14716,847
8600000US14717,ZCTA5 14717,282
8600000US14718,ZCTA5 14718,781
8600000US14719,ZCTA5 14719,1431
8600000US14720,ZCTA5 14720,306
8600000US14721,ZCTA5 14721,75
8600000US14722,ZCTA5 14722,21
8600000US14723,ZCTA5 14723,414
8600000US14724,ZCTA5 14724,837
8600000US14726,ZCTA5 14726,599
8600000US14727,ZCTA5 14727,2269
8600000US14728,ZCTA5 14728,462
8600000US14729,ZCTA5 14729,416
8600000US14731,ZCTA5 14731,537
8600000US14732,ZCTA5 14732,71
8600000US14733,ZCTA5 14733,1512
8600000US14735,ZCTA5 14735,1122
8600000US14736,ZCTA5 14736,84
8600000US14737,ZCTA5 14737,1759
8600000US14738,ZCTA5 14738,1473
8600000US14739,ZCTA5 14739,1175
8600000US14740,ZCTA5 14740,470
8600000US14741,ZCTA5 14741,772
8600000US14742,ZCTA5 14742,103
8600000US14743,ZCTA5 14743,767
8600000US14744,ZCTA5 14744,434
8600000US14747,ZCTA5 14747,873
8600000US14748,ZCTA5 14748,275
8600000US14750,ZCTA5 14750,2059
8600000US14752,ZCTA5 14752,160
8600000US14753,ZCTA5 14753,504
8600000US14754,ZCTA5 14754,287
8600000US14755,ZCTA5 14755,1207
8600000US14756,ZCTA5 14756,28
8600000US14757,ZCTA5 14757,1339
8600000US14760,ZCTA5 14760,8072
8600000US14767,ZCTA5 14767,717
8600000US14769,ZCTA5 14769,430
8600000US14770,ZCTA5 14770,1208
8600000US14772,ZCTA5 14772,1610
8600000US14774,ZCTA5 14774,16
8600000US14775,ZCTA5 14775,1051
8600000US14777,ZCTA5 14777,259
8600000US14778,ZCTA5 14778,0
8600000US14779,ZCTA5 14779,2693
8600000US14781,ZCTA5 14781,820
8600000US14782,ZCTA5 14782,908
8600000US14783,ZCTA5 14783,104
8600000US14784,ZCTA5 14784,390
8600000US14787,ZCTA5 14787,2132
8600000US14788,ZCTA5 14788,13
8600000US14801,ZCTA5 14801,2008
8600000US14802,ZCTA5 14802,358
8600000US14803,ZCTA5 14803,373
8600000US14804,ZCTA5 14804,590
8600000US14805,ZCTA5 14805,439
8600000US14806,ZCTA5 14806,870
8600000US14807,ZCTA5 14807,1238
8600000US14808,ZCTA5 14808,232
8600000US14809,ZCTA5 14809,901
8600000US14810,ZCTA5 14810,5127
8600000US14812,ZCTA5 14812,1304
8600000US14813,ZCTA5 14813,996
8600000US14814,ZCTA5 14814,740
8600000US14815,ZCTA5 14815,357
8600000US14816,ZCTA5 14816,204
8600000US14817,ZCTA5 14817,995
8600000US14818,ZCTA5 14818,953
8600000US14819,ZCTA5 14819,226
8600000US14820,ZCTA5 14820,302
8600000US14821,ZCTA5 14821,1367
8600000US14822,ZCTA5 14822,415
8600000US14823,ZCTA5 14823,1519
8600000US14824,ZCTA5 14824,263
8600000US14825,ZCTA5 14825,289
8600000US14826,ZCTA5 14826,784
8600000US14827,ZCTA5 14827,100
8600000US14830,ZCTA5 14830,8522
8600000US14836,ZCTA5 14836,337
8600000US14837,ZCTA5 14837,2175
8600000US14838,ZCTA5 14838,774
8600000US14839,ZCTA5 14839,317
8600000US14840,ZCTA5 14840,1284
8600000US14841,ZCTA5 14841,368
8600000US14842,ZCTA5 14842,309
8600000US14843,ZCTA5 14843,5196
8600000US14845,ZCTA5 14845,8503
8600000US14846,ZCTA5 14846,330
8600000US14847,ZCTA5 14847,1073
8600000US14850,ZCTA5 14850,25217
8600000US14853,ZCTA5 14853,0
8600000US14854,ZCTA5 14854,12
8600000US14855,ZCTA5 14855,284
8600000US14856,ZCTA5 14856,137
8600000US14858,ZCTA5 14858,512
8600000US14859,ZCTA5 14859,371
8600000US14860,ZCTA5 14860,547
8600000US14861,ZCTA5 14861,522
8600000US14864,ZCTA5 14864,481
8600000US14865,ZCTA5 14865,1128
8600000US14867,ZCTA5 14867,2340
8600000US14869,ZCTA5 14869,497
8600000US14870,ZCTA5 14870,4111
8600000US14871,ZCTA5 14871,1931
8600000US14872,ZCTA5 14872,266
8600000US14873,ZCTA5 14873,977
8600000US14874,ZCTA5 14874,118
8600000US14877,ZCTA5 14877,191
8600000US14878,ZCTA5 14878,260
8600000US14879,ZCTA5 14879,853
8600000US14880,ZCTA5 14880,667
8600000US14881,ZCTA5 14881,89
8600000US14882,ZCTA5 14882,1621
8600000US14883,ZCTA5 14883,1903
8600000US14884,ZCTA5 14884,131
8600000US14885,ZCTA5 14885,274
8600000US14886,ZCTA5 14886,2872
8600000US14889,ZCTA5 14889,571
8600000US14891,ZCTA5 14891,1738
8600000US14892,ZCTA5 14892,3171
8600000US14893,ZCTA5 14893,0
8600000US14894,ZCTA5 14894,463
8600000US14895,ZCTA5 14895,4297
8600000US14897,ZCTA5 14897,314
8600000US14898,ZCTA5 14898,626
8600000US14901,ZCTA5 14901,5158
8600000US14903,ZCTA5 14903,3375
8600000US14904,ZCTA5 14904,6242
8600000US14905,ZCTA5 14905,3706