geo_type,region,transportation_type,alternative_name,sub-region,country,1/13/20,1/14/20,1/15/20,1/16/20,1/17/20,1/18/20,1/19/20,1/20/20,1/21/20,1/22/20,1/23/20,1/24/20,1/25/20,1/26/20,1/27/20,1/28/20,1/29/20,1/30/20,1/31/20,2/1/20,2/2/20,2/3/20,2/4/20,2/5/20,2/6/20,2/7/20,2/8/20,2/9/20,2/10/20,2/11/20,2/12/20,2/13/20,2/14/20,2/15/20,2/16/20,2/17/20,2/18/20,2/19/20,2/20/20,2/21/20,2/22/20,2/23/20,2/24/20,2/25/20,2/26/20,2/27/20,2/28/20,2/29/20,3/1/20,3/2/20,3/3/20,3/4/20,3/5/20,3/6/20,3/7/20,3/8/20,3/9/20,3/10/20,3/11/20,3/12/20,3/13/20,3/14/20,3/15/20,3/16/20,3/17/20,3/18/20,3/19/20,3/20/20,3/21/20,3/22/20,3/23/20,3/24/20,3/25/20,3/26/20,3/27/20,3/28/20,3/29/20,3/30/20,3/31/20,4/1/20,4/2/20,4/3/20,4/4/20,4/5/20,4/6/20,4/7/20,4/8/20,4/9/20,4/10/20,4/11/20,4/12/20,4/13/20,4/14/20,4/15/20,4/16/20,4/17/20,4/18/20,4/19/20,4/20/20,4/21/20,4/22/20,4/23/20,4/24/20,4/25/20,4/26/20,4/27/20,4/28/20,4/29/20,4/30/20,5/1/20,5/2/20,5/3/20,5/4/20,5/5/20,5/6/20,5/7/20,5/8/20,5/9/20,5/10/20,5/11/20,5/12/20,5/13/20,5/14/20,5/15/20,5/16/20,5/17/20,5/18/20,5/19/20,5/20/20,5/21/20,5/22/20,5/23/20,5/24/20,5/25/20,5/26/20,5/27/20,5/28/20,5/29/20,5/30/20,5/31/20,6/1/20,6/2/20,6/3/20,6/4/20,6/5/20,6/6/20,6/7/20,6/8/20,6/9/20,6/10/20,6/11/20,6/12/20,6/13/20,6/14/20,6/15/20,6/16/20,6/17/20,6/18/20,6/19/20,6/20/20,6/21/20,6/22/20,6/23/20,6/24/20,6/25/20,6/26/20,6/27/20,6/28/20,6/29/20,6/30/20,7/1/20,7/2/20,7/3/20,7/4/20,7/5/20,7/6/20,7/7/20,7/8/20,7/9/20,7/10/20,7/11/20,7/12/20,7/13/20,7/14/20,7/15/20,7/16/20,7/17/20,7/18/20,7/19/20,7/20/20,7/21/20,7/22/20,7/23/20,7/24/20,7/25/20,7/26/20,7/27/20,7/28/20,7/29/20,7/30/20,7/31/20,8/1/20,8/2/20,8/3/20,8/4/20,8/5/20,8/6/20,8/7/20,8/8/20,8/9/20,8/10/20,8/11/20,8/12/20,8/13/20,8/14/20,8/15/20,8/16/20,8/17/20,8/18/20,8/19/20,8/20/20,8/21/20,8/22/20,8/23/20,8/24/20,8/25/20,8/26/20,8/27/20,8/28/20,8/29/20,8/30/20,8/31/20,9/1/20,9/2/20,9/3/20,9/4/20,9/5/20,9/6/20,9/7/20,9/8/20,9/9/20,9/10/20,9/11/20,9/12/20,9/13/20,9/14/20,9/15/20,9/16/20,9/17/20,9/18/20,9/19/20,9/20/20,9/21/20,9/22/20,9/23/20,9/24/20,9/25/20,9/26/20,9/27/20,9/28/20,9/29/20,9/30/20,10/1/20,10/2/20,10/3/20,10/4/20,10/5/20,10/6/20,10/7/20,10/8/20,10/9/20,10/10/20,10/11/20,10/12/20,10/13/20,10/14/20,10/15/20,10/16/20,10/17/20,10/18/20,10/19/20,10/20/20,10/21/20,10/22/20,10/23/20,10/24/20,10/25/20,10/26/20,10/27/20,10/28/20,10/29/20,10/30/20,10/31/20,11/1/20,11/2/20,11/3/20,11/4/20,11/5/20,11/6/20,11/7/20,11/8/20,11/9/20,11/10/20,11/11/20,11/12/20,11/13/20,11/14/20,11/15/20,11/16/20,11/17/20,11/18/20,11/19/20,11/20/20,11/21/20,11/22/20,11/23/20,11/24/20,11/25/20,11/26/20,11/27/20,11/28/20,11/29/20,11/30/20,12/1/20,12/2/20,12/3/20,12/4/20,12/5/20,12/6/20,12/7/20,12/8/20,12/9/20,12/10/20,12/11/20,12/12/20,12/13/20,12/14/20,12/15/20,12/16/20,12/17/20,12/18/20,12/19/20,12/20/20,12/21/20,12/22/20,12/23/20,12/24/20,12/25/20,12/26/20,12/27/20,12/28/20,12/29/20,12/30/20,12/31/20,1/1/21,1/2/21,1/3/21,1/4/21,1/5/21,1/6/21,1/7/21,1/8/21,1/9/21,1/10/21,1/11/21,1/12/21,1/13/21,1/14/21,1/15/21,1/16/21,1/17/21,1/18/21,1/19/21,1/20/21,1/21/21,1/22/21,1/23/21,1/24/21,1/25/21,1/26/21,1/27/21,1/28/21,1/29/21,1/30/21,1/31/21,2/1/21,2/2/21,2/3/21,2/4/21,2/5/21,2/6/21,2/7/21,2/8/21,2/9/21,2/10/21,2/11/21,2/12/21,2/13/21,2/14/21,2/15/21,2/16/21,2/17/21,2/18/21,2/19/21,2/20/21,2/21/21,2/22/21,2/23/21,2/24/21,2/25/21,2/26/21,2/27/21,2/28/21,3/1/21,3/2/21,3/3/21,3/4/21,3/5/21,3/6/21,3/7/21,3/8/21,3/9/21,3/10/21,3/11/21,3/12/21,3/13/21,3/14/21,3/15/21,3/16/21,3/17/21,3/18/21,3/19/21,3/20/21,3/21/21,3/22/21,3/23/21,3/24/21,3/25/21,3/26/21,3/27/21,3/28/21,3/29/21,3/30/21,3/31/21,4/1/21,4/2/21,4/3/21,4/4/21,4/5/21,4/6/21,4/7/21,4/8/21,4/9/21,4/10/21,4/11/21,4/12/21,4/13/21,4/14/21,4/15/21,4/16/21,4/17/21,4/18/21,4/19/21,4/20/21,4/21/21,4/22/21,4/23/21,4/24/21,4/25/21,4/26/21,4/27/21,4/28/21,4/29/21,4/30/21,5/1/21,5/2/21,5/3/21,5/4/21,5/5/21,5/6/21,5/7/21,5/8/21,5/9/21,5/10/21,5/11/21,5/12/21,5/13/21,5/14/21,5/15/21,5/16/21
city,New York City,driving,NYC,New York,United States,100,101.51,104.51,108.78,122.44,99.7,93.56,97.6,99.99,101.69,106.78,121.91,112.91,89.93,94.43,97.47,99.39,103.34,119.15,116.34,85.28,95.86,98.35,99.11,104.82,117.89,119.65,93.07,99.16,102.68,104.14,111.82,136.44,121.06,98.96,103.57,103.61,107.16,108.96,124.45,124.87,97.11,99.75,103.04,105.31,108.88,127.84,126.33,96.78,102.58,105.46,107.92,112.64,126.8,125.82,96.7,104.61,101.42,100.27,93.95,100.36,88.65,64.46,67.81,60.47,59.38,54.24,59.45,49.13,34.34,36.26,42.53,39.39,43.45,48.15,37.18,30.64,39.39,39.59,41.2,41.01,43.97,41.34,34.1,42.46,42.49,41.44,40.03,45.9,44.55,31.33,36.46,45.9,46.55,47.23,51.86,45.56,42.87,47.49,44.69,50.27,49.36,52.27,57.52,38.51,48.12,56.29,51.8,51.3,61.39,66.58,55.59,58.29,62.13,57.36,63.77,64.28,65.61,57.22,,,68.48,71.1,84.12,82.52,65.55,70.3,74.14,77.27,81.65,89.53,72.63,74.79,69.55,82.71,85.27,81.9,91.98,96.18,78.61,82.96,80.97,79.87,91,93.55,100.86,86.66,92.18,100.69,98.67,91.57,118.14,111.98,90.69,98.02,103.47,104.3,106.3,126.65,116.95,89.91,109.55,113.58,114.63,118.19,135.63,116.3,100.91,115.7,114.29,116.68,134.71,122.37,104.35,100.21,111.22,115.68,116.19,126.98,114.03,121.99,118.33,117.54,123.96,124.75,127.08,135.13,137.93,113.92,118.19,123.11,119.4,123.38,135.89,141.19,115.37,122.71,123.5,129.46,128.9,135.53,141.94,104.84,123.74,103.28,144.32,138.52,142.53,141.47,121.89,128.89,130.87,126.56,127.45,148.85,141.53,99.08,123.29,130.33,123.86,135.63,149.98,143.88,113.86,121.94,123.91,127.88,125.49,140.71,119.75,120.6,117.46,120.92,120.24,128.38,152.09,139.13,118.49,106.79,119.42,119.99,117.52,144.16,144.16,108.24,114.76,118.19,118.17,123.4,142.13,142.23,107.52,108.88,112.39,116.76,119.13,141.72,141.1,107.92,107.93,106.6,112.6,119.21,133.83,138.65,104.71,105.97,109.84,110.06,115.49,138.24,140.45,102.35,93.85,101.31,111.6,117.77,121.98,137.42,106.13,104.5,106.27,108.86,113.36,133.57,135.4,100.99,101.11,106.01,105.96,103.17,123.86,125.45,88.23,97.67,96.74,94.95,103.91,120.64,122.29,95.56,95.92,100.83,95.46,92.43,112.66,115.18,82.05,92.48,93.43,94.81,97.68,117.72,113.67,82.71,95.45,104.23,110.33,56.33,95.11,99.29,82.24,84.37,93.5,92.74,95.52,106.5,97.33,82.26,89.28,90.71,92.02,97.85,113.45,107.65,87.83,89.07,102.48,78.61,53.84,103.54,104.78,80.44,104.43,110.61,121.78,93.73,49.77,89.16,80.13,98.51,101.39,104.95,96.14,65.46,95.8,69.18,87.64,91,89.34,90.95,101.23,99.97,79.12,86.1,90.6,89.93,92.59,104.96,101.3,83.42,91.36,88.29,86.62,91.56,104.49,101.06,77.86,85.67,79.21,88.29,90.96,101.18,101.88,73.49,29.24,51.95,82.24,92.61,103.59,105.58,52.05,83.49,84.17,91.66,90.94,110.32,105.82,87.87,79.38,86.59,97.2,54.65,84.23,102.12,81.09,80.78,91.02,97.97,100.45,115.51,107.24,82.29,90.64,93.74,99.76,99.24,115.47,112.89,88.3,92.74,99.67,101.19,107.79,,120.6,93.15,95.92,97.87,102.88,100.84,122.11,127.48,102.58,102.11,105.89,102.82,112,131.81,132.83,86.56,105.78,116.9,110.72,114.31,125.54,126.17,88.16,112.24,114.69,116.1,120.86,132.96,135.41,93.71,103.27,112.99,113.84,109.01,135.42,137.68,110.2,108.92,119.86,108.34,115.81,141.27,146.03,99.61,110.64,114.56,123.62,116.58,141.39,145.28,116.31,110.17,117.18,115.32,127.28,145.76,140.89,110.3,114.3,120.92,124.82,133.29,152.82,155.62,119.27
city,New York City,transit,NYC,New York,United States,100,92.66,95.29,96.42,107.5,101.22,93.41,87.91,94.76,98.07,101.52,114.06,105.16,85.92,91.57,91.79,93.18,98.02,110.46,109.24,83.39,91.31,92.84,93.88,97.57,111.75,117.34,89.88,91.7,95.7,97.68,103.34,118.61,113.45,95.82,100.99,99.87,102.57,104.23,115.72,117.34,87.97,91.49,92.14,94.63,97.48,114.48,115.21,87.01,92.87,93.89,98.65,100.54,108.43,114.48,86.13,92.2,85.1,81.65,69.1,66.28,58.17,40.65,36.57,30.15,27.35,25.2,24.13,18.74,14.97,15.46,16.52,15.32,16.05,17.14,13.4,12.84,15.43,14.55,14.39,13.84,13.76,12.71,12.03,14.26,13.54,13.32,12.73,13.37,12.52,11.25,12.75,14.13,13.42,13.34,13.46,12.1,12.61,14.58,13.49,14.06,14.03,13.83,14.08,12.19,14.98,16.01,15.39,14.9,16.51,16.37,15.64,18.02,17.96,17.03,17.64,16.14,15.41,14.63,,,18.45,18.54,20.14,19.17,17.42,20.05,20.02,20.18,20.81,21.19,18.05,19.4,20.75,23.33,23.22,22.2,23.33,24.22,21.25,24.33,24.42,22.37,24.83,24.1,26.42,25.28,29.69,30.39,29.56,27.4,32.8,30.61,27.9,31.34,32.34,32.05,32.31,37.48,32.9,28.85,37,37.82,37.75,38.22,41.52,35.44,34.24,40.51,38.73,38.98,43.94,38.13,38.15,34.58,39.14,41.36,41.48,45.38,35.25,39.64,41.64,43.21,45.44,44.93,44.67,45.44,48.72,41.67,44.56,46.42,42.97,43.37,46.23,51.61,43.28,47.13,46.83,49.14,47.56,48.66,50.66,39.81,48.54,42.04,53.21,49.81,50.24,51.7,47.33,50.62,50.63,47.64,46.72,55.75,54.6,38.2,51.68,53.73,49.75,55.29,58.65,55.97,47.32,52.29,52.22,53.22,49.8,55.04,47.59,50.17,49.09,49.23,49.11,51.79,59.41,57.42,49,49.15,51.71,51.53,47.97,59.99,60.36,47.2,50.49,50.35,51.16,53.07,58.55,61.66,50.43,49.18,49.6,52.08,52.39,61.3,63.75,49.82,50.37,47.02,50.69,54.46,59.66,63.07,48.4,49.63,50.57,50.36,53.56,61.5,65.53,48.49,42.43,47.13,52.71,54.51,51.44,65.09,50.49,50.52,50.32,51.62,53.26,62.07,64.22,47.94,48.25,50.23,49.65,46.44,55.89,62.81,43.1,47.29,43.62,44.2,50.18,58.54,62.59,50.02,49.65,51.29,46.52,46.26,55.02,60.93,43.98,47.23,46.72,46.02,47.14,55.9,57.45,43.09,45.59,46.91,45.05,29.8,43.9,46.86,41,39.72,44.94,44.16,45.75,48.53,48.42,44.62,44.48,43.82,43.81,46.79,53.32,53.28,46.24,42.21,45.59,36.99,37.18,50.48,51.58,41.36,49.23,49.14,49.32,36.44,25.17,39.07,38.96,48.54,47.5,47.95,41.79,31.83,45.46,35.35,44.94,44.17,42.69,43.69,47.03,48.8,41.5,43.73,45.54,44.82,46.38,48.95,51.11,44.55,46.19,44.95,42.91,46.29,50.79,50.12,41.47,44.25,41.75,44.89,44.57,45.17,48.46,37.52,31.49,38.96,47.95,49.5,53.23,56.69,36.84,46.25,45.22,48.34,48.42,56.88,58.03,50.41,46.49,47.91,49.47,39.95,50.39,56.93,46.32,44.55,49.19,53.24,53.37,59.3,57.19,45.46,49.76,49.45,54.22,52.58,59.82,61.25,49.37,50.18,55.16,55.13,59.41,,66.01,51.24,51.72,51.93,55.54,52.39,64.27,71.42,58.16,57.38,58.26,54.44,61.31,71.72,78.01,49.34,59.93,64.34,59.61,62.32,67.7,70.84,54.61,62.2,66.56,66.58,68.87,75.01,79.26,54.1,59.42,65.82,64.97,61.73,76.38,84.53,67.26,64.32,70.87,61.16,65.72,81.36,89.55,60.22,64.68,66,72.65,66.72,81.47,89.06,71.18,65.77,70.23,67.54,75.28,85.66,80.76,61.21,68.58,73.29,75.26,82.33,93.36,101.97,75.83
city,New York City,walking,NYC,New York,United States,100,96.09,105.77,101.73,117.09,115.37,110.42,88.56,91.09,98.48,105.69,131.74,122.53,98.1,91.96,93.49,95.82,100.4,126.24,136.71,89.21,97.54,98.84,98.97,100.91,122.43,143.47,102.55,89.63,98.37,103.49,106.9,141.51,144.7,124.04,115.57,106.31,112.61,111.55,132.75,153.65,108.09,98.45,94.25,101.43,102.48,130.16,138.83,103.41,102.8,99.36,110.29,114.95,121.34,147.96,110.32,114.55,102.1,97.08,83.02,86.93,80.86,53.22,45.04,38.52,38.01,33,38.56,32.23,22.22,18.98,27.06,21.93,27.1,30.7,20.61,18.23,23.46,22.96,25.07,24.07,23.7,26.26,21.96,27.33,26.41,24.83,21.52,24.01,26.8,20.49,19.22,26.62,25.84,25,27.12,23.84,27.06,26.88,23.22,26.76,25.58,25.79,34.81,19.37,25.33,33.1,27.39,25.92,32.66,42.71,36.23,33.19,35.24,29.16,36.79,31.43,33.37,32.85,,,38.51,39.57,48.47,50.41,39.91,39.45,41.29,42.99,45.87,49.22,37.71,45.57,43,48.13,48.88,44.69,50.81,59.86,48.6,50.4,48.68,43.22,51.73,48.82,58.64,51.87,53.58,57.44,55.13,47.9,67.72,68.19,54.09,55.74,59.99,59.28,59.45,76.36,68.66,50.68,62.04,66.96,66.04,68.27,79.4,67.25,59.3,66.7,65.33,64.71,75.84,68.42,70.16,57.4,60.83,69,66.59,76.13,57.93,72.49,71.61,69.22,74.52,74.92,76.08,79.74,86.28,65.19,67.03,72.32,66.1,70.44,78.79,90.53,67.45,70.48,71.98,76.3,74.59,81.42,91.65,62.84,73.75,55.97,83.26,81.04,82.71,94.24,76.9,76.64,78.69,72.69,72.9,92.08,95.57,56.59,77.17,83.89,76.18,87.59,96.39,96.89,75.02,76.79,77.15,82.53,76.03,89.61,81.37,82.68,76.96,80.1,77.86,81.56,101.39,105.61,87.4,75.62,78.8,78.75,71.56,100.83,110.01,76.65,75.44,78.07,79.11,82.06,97.27,109.69,77.22,72.01,75.49,79.63,80.37,101.16,112.78,78.37,73.9,66.64,75.36,81.35,94.32,110.23,75.86,70.99,74.81,73.17,77.76,97.63,111.03,75.44,55.64,64.5,77.33,81.23,75.12,111.69,77.14,70.55,71.79,74.84,77.51,97.57,109.72,71.76,66.59,73.06,71.19,62.7,83.41,105.34,60,64.31,68.14,63.47,71.78,89.38,107.3,77.06,69.2,73.28,64.25,61.07,79.55,96.46,61.1,63.1,61.92,60.64,65.16,83.99,90.48,59.21,61.27,67.43,71.79,38.1,69.14,74.83,59.5,52.24,62.04,61.7,66.84,74.16,74.27,61.99,60.87,60.26,60.24,68.23,85.55,89.45,72.28,57.13,66.98,50.63,41.18,71.29,78.19,56.91,69.58,72.77,77.96,60.9,34.02,60.55,56.61,71.94,69.1,73.46,71.6,49.14,76.34,45.3,60.9,60.15,59.39,60.48,67.65,72.48,56.7,56.67,60.61,60.27,63.22,70.9,77.6,63.88,63.68,57.68,56.5,60.7,72.35,72.11,53,56.18,51.75,58.55,58.04,62.15,71,48.29,26.2,39.74,56.62,63.62,73.76,82.13,40.51,54.94,55.14,60.36,59.87,78.02,86.04,78,56.29,60.75,64.19,40.64,60.97,79.66,60.56,51.46,61.05,69.5,69.5,83.29,84.85,58.27,61.36,61.41,70.64,67.15,80.81,88.32,67.59,63.26,74.94,72.94,83.05,,103.34,71.65,64.28,65.16,73.71,65.49,89.96,116.37,89.46,75.66,78.22,67.59,84.34,104.12,124.12,64.85,78.35,88.27,77.38,82.22,93.93,110.18,73.8,82.6,87.16,88.34,94.18,104.03,125.22,68.01,69.53,85.59,85.22,73.57,103.44,127.02,95.83,82.26,96.78,75.9,83.19,114.82,138.79,80.99,81.15,84.27,97.57,84.93,111.05,136.86,102.05,80.34,90.86,82.44,100.11,118.68,116.45,80.47,84.98,92.5,98.08,110.51,133.99,157.84,107.19
county,Bronx County,driving,,New York,United States,100,97.75,101.59,101.51,120.32,92.53,84.71,90.77,100.69,101.24,102.7,120.05,104.21,83.25,97.01,97.36,97.92,100.11,116.77,108.23,82.59,99.87,96.89,98.38,103.55,115.95,110.73,86.47,101.52,103.76,103.42,109.16,133.75,113.52,91.32,96.78,101.35,103.5,104.6,120.31,118.45,93.02,102.99,104.53,108.2,109.89,130.8,123.17,94.41,111.02,106.93,108.9,113.32,128.64,121.1,94.19,108.89,103.64,100.13,95.87,107.15,94.53,71.81,78.25,72.66,71.29,66.68,70.78,56.76,40.68,45.18,49.38,47.51,50.74,57.25,44.53,37.42,48.42,49.1,49.86,49.33,52.93,47.6,40.34,51.02,49.56,48.77,47.97,54.05,50.59,39.68,46.27,54.22,57.49,57.2,62.54,53.85,50.92,59.5,55.3,60.61,59.98,64.64,65.11,47.86,61.23,66.97,63.45,64.34,78.35,79.1,66.47,80.01,75.88,71.58,75.93,77.24,75.98,68.27,,,80.51,82.98,97.62,91.97,73.78,81.3,86.3,86.69,91.39,102.13,84.7,86.25,82.31,93.6,98.41,93.72,104.84,108.64,85.21,91.88,84.58,86.01,95.05,103.01,108.88,95.62,103.88,111.7,109.4,104.02,133.36,125.83,101.46,108.52,115.84,114.32,116.26,141.04,132.39,109.04,119.17,126.82,125.16,129.35,152.8,129.52,112.25,126.77,128.29,129.66,146.79,138.28,131.52,112.2,121.77,126.3,124.66,139.16,131.66,130.25,126.17,127.93,131.92,135.38,137.28,150.49,149.57,122.43,132.8,133.74,128.4,132.87,154.96,161.42,130.56,135.04,136.69,140.12,140.12,157.69,156.25,118.07,136.14,118.54,147.26,140.34,157.47,154.99,132.64,140.08,139.14,134.79,136.09,164.92,156.53,109.26,135.09,139.84,134.2,145.72,164.94,166.47,126.42,134.11,135.73,135.75,138.32,154.85,134.87,131.61,125.16,129.65,134.78,137.19,168.84,156.72,131.2,118.31,131.64,132.63,130.58,160.31,151.62,115.02,127.44,130.75,128.68,132.49,157.27,153.26,116.25,121.76,124.3,127.77,132.74,160.92,148.56,116.18,120.58,121,124.69,131.02,147.74,140.82,111.43,117.61,122.3,119.32,125.06,148.97,145.33,107.85,103.82,113.25,122.32,129.43,133.93,138.6,109.06,118.61,118.3,118.26,123.34,145.2,137.84,106.86,112.51,115.64,116.21,115.25,138.2,134.08,98.61,110.04,107.15,106.3,112.4,131.21,128.19,103.35,110.64,113.97,103.31,107.13,126.87,122.47,90.28,109.06,108.78,109.21,111.48,128.85,122.49,91.59,109.19,116.96,120.03,81.67,102.41,107.94,91.06,94.41,104,102.35,102.67,116.74,102.76,86.84,98.13,99.31,103.13,104.84,120.55,112.39,91.22,99.27,108.07,87.78,60.11,104.95,103.15,83.25,108.54,118.44,125.26,109.2,67.76,97.81,86.05,103.13,106.24,110.97,109.87,76.67,100.73,76.54,95.29,100.46,101.16,106.32,114.13,105.99,85,98.29,103.93,101.72,101.78,118.06,105.9,86.77,95.08,99.91,100.17,102.48,117.17,106.93,86.57,97.76,92.85,100.36,104.63,114.79,107.27,80.74,42.95,65.67,93.82,104.43,120.33,110.92,64.66,97.04,100.17,107.56,106,124.95,113.82,94.23,84.33,100.48,110.2,70.71,95.3,108.33,87.13,94.19,107.12,111.96,112.58,131.45,116.15,90.31,103.79,109.04,112.69,112.31,131.63,118.47,95.25,105.44,114.56,113.11,121.18,,128.33,98.41,108.27,111.62,117.72,116.35,138.13,136.68,109.21,116.49,122.84,118.45,128.52,150.96,144.86,96.37,117,127.39,122.87,125.44,135.68,134.69,106.77,125.33,130.51,130.89,131.61,149.52,142.92,100.22,116.95,128.2,128.85,120.75,154.5,146.61,115.83,121.99,138.49,121.75,128,154.22,150.17,103.59,124.2,127.76,137.91,126.15,152.03,147.38,123.71,123.14,129.86,126.83,136.36,155.32,141.86,123.41,125.19,130.56,133.1,143.27,167.63,159.82,118.04
county,Bronx County,transit,,New York,United States,100,93.91,95.78,91.98,96.5,78.32,74.31,81.87,99.04,99.91,99.93,106.65,84.92,70.27,94.22,92.74,92.25,91.3,98.71,89.36,68.45,92.21,92.72,92.5,89.86,98.01,91.7,71.56,92.42,94.15,98.01,96.73,100.92,86.86,74.31,88.53,100.19,99.24,97.32,100.9,95.49,72.72,94.01,92.96,95.79,92.42,102.4,93.97,72.57,95.59,94.04,97.26,95.03,98.23,96.37,74.19,93.76,89.53,88.05,77.05,77,66.39,51.3,55.1,48.5,45.85,43.56,40.28,30.81,25.07,28.03,29.12,26.82,28.48,30.21,22.58,22.18,27.09,25.84,26.37,24.41,24.88,21.66,20.25,25.74,23.76,23.83,22.49,24.6,21.21,19.28,22.38,24.88,23.85,23.56,23.85,19.76,20.94,25.87,24.34,25.3,24.72,24.84,22.87,20.34,26.62,27.99,26.83,26.56,28.97,26.3,25.25,33.74,31.87,31.31,31.42,28.65,26.6,23.39,27.07,23.45,32.43,33.72,35.12,31.46,29.44,34.69,36.04,36.12,37.19,37.52,31.11,31.84,35.63,41.07,41.11,39.26,40.85,38.82,33.08,40.16,37.36,37.07,41.16,40.83,40.15,38.97,49.12,50.34,48.9,46.81,53.43,47.89,42.44,51.3,53.06,51.84,54.03,58.73,50.81,45.93,59.02,60.01,60.65,60.72,65.02,53.73,49.69,62.72,62.72,62.05,65.83,59.3,57.99,53.07,60.4,64.03,63.51,68.59,54.06,58.93,59.58,65.47,67.6,67.01,65.85,67.54,69.01,57.52,66.48,66.76,62.55,65.05,71.05,70.58,60.51,68.71,70.19,72.99,69.72,72.05,68.74,55.19,70.33,61.57,78.9,70.83,71.28,69.75,61.36,72.63,71.36,69.9,67.57,78.6,73.37,54.12,74.51,76.68,72.42,76.35,80.78,71.07,61.42,74.32,72.78,73.77,69.38,75.14,63.46,63.02,68.37,67.26,67.55,71.26,76.48,68.73,58.95,62.37,71.54,71.15,66.86,73.87,68.88,56.83,70.08,67.81,68.27,69.4,73,68.6,56.18,66.1,66.25,66.35,67.28,74.35,69.14,56.95,67.62,64.37,69.03,70.57,74.32,68.68,57.14,68.55,68.67,66.95,68.86,77.23,72.04,56.34,56.43,64.65,72.06,71.02,65.87,69.6,57.58,69.18,70.03,69.59,70.66,76.2,70.62,56.1,67.1,68.69,66.64,62.6,71.34,73.5,54.13,64.41,61.78,64.25,68.39,73.93,70.55,59.49,70.31,72.05,63.58,64.56,70.8,68.96,55.08,67.78,66.72,64.88,65.4,72.96,72.28,56.15,67.09,67.12,63.82,45.75,61.07,61.28,54.83,58.43,65.02,63.67,64.14,66.94,58.58,53.14,65.53,62.85,63.83,64.93,70.64,64.11,56.46,61.44,63.57,54.08,55.26,67.18,63.2,53.67,70.05,70.61,68.67,51.13,37.06,54.75,52.6,66.63,65.36,63.39,52.49,40.53,54.57,46.25,63.41,60.84,60.9,63.24,65.08,58.18,50.33,61.4,63.52,63.29,63.5,64.44,60.71,51.94,59.41,64.15,62.89,64.46,67.72,58.56,50.23,62.29,59.15,63.67,62.36,60.32,56.59,44.6,51.79,58.07,67.11,68.18,70.69,61.49,46.09,65.15,64.14,66.55,69.36,73.68,66.19,57.36,57.05,66.34,68.42,53.94,65.35,62.99,53.61,63.72,70.07,72.87,71.43,73.64,63.59,54.24,68.42,67.48,72.62,70.47,75.48,66.56,56,67.77,72.65,73.68,75.56,,70.69,55.49,68.86,69.12,72.12,68.91,77.18,72.61,61.45,76.85,77.7,72.81,80.03,84.66,77.77,56.65,76.06,80.29,76.52,76.68,76.38,75.26,62.16,78.6,82.08,83.32,82.81,85.6,77.49,57.46,75.87,84.13,81.36,73.65,85.44,84.01,70.75,80.8,88.87,78.25,79.46,90.47,86.65,63.54,80.51,82.45,88.87,79.5,90.64,85.38,72,80.44,84.13,80.5,86.45,91.4,78.22,63.81,81.32,86.26,87.97,93.85,95.62,88.96,71.37
county,Bronx County,walking,,New York,United States,100,98.2,103.49,97.49,104.48,86.83,79.72,81.41,97.39,101.41,100.18,118.96,98.99,75.6,96.29,95.75,95.85,93.45,110.44,110.08,78.6,100.36,99.3,97.93,93.28,104.01,106.4,80.18,92.54,97.91,103.37,99.18,116.63,103.47,82.03,94.75,102.14,106.84,97.55,110.24,117.62,85.1,102.29,97.69,105.04,97.68,116.32,114.03,83.61,107.63,102.81,111.79,107.71,113.88,117.45,89.59,112.22,104,105.81,93.88,105.08,97.22,71.54,76.69,71.97,73.14,68.27,72.71,58.51,41.66,42.68,50.41,46.2,51.62,57.53,43.21,36.81,47.43,48.24,51.35,51,50.17,48.8,42.01,52.04,50.67,48.49,44.34,49.3,49.33,38.47,41.48,51.57,52.66,53.16,57.02,49.24,49.39,57.16,49.95,56.74,55.82,55.46,61.07,40.97,55.57,63.46,59.87,56.23,68.46,74.82,62.62,71.3,71.7,62.83,70.69,65.91,68.15,59.88,56.41,50.62,71.13,77.21,91.18,88.35,69.86,77,83.44,83.13,86.68,96.82,76.14,79.8,80.21,91.84,92.39,88.19,96.29,103.46,78.39,88.52,79.78,78.32,88.22,90.2,97.83,88.97,99.32,107.05,104.56,94.92,122.76,117.81,92.09,103.49,109.4,106.51,109.38,134.02,125.64,98.98,111.25,122.78,118.09,118.97,139.89,119.12,98.49,117.83,115.52,115.69,128.35,121.62,133.99,98.12,107.01,115.58,116.56,128.6,106.3,117.02,110.31,116.32,120.43,119.21,122.24,130.4,135.52,101.19,115.7,116.76,109.84,120.37,135.65,145.86,106.52,116.22,119.5,124.16,121.98,134.63,138.84,98.66,119.45,100.65,132.14,123.26,131.68,142.16,107.98,123.19,123.11,118.7,119.34,140.7,139.93,88.1,122.19,127.68,117.75,128.31,146.65,143.68,109,125.36,120.5,125.56,119.18,135.33,121.28,116.81,120.04,122.06,121.41,121.54,149.75,143.16,115.34,106.95,120.22,123.98,114.43,143.63,140.76,100.49,119.13,119.95,117.25,122.38,140.28,137.93,101.33,113.72,115.69,120.29,121.74,143,136.21,102.34,115.99,111.4,117.15,119.76,134.17,127.08,99.49,110.97,117.89,112.15,113.41,134.13,129.96,94.8,88.04,102.85,116.62,117.89,113.94,125.71,93.83,108.71,111.12,114.88,112.55,135.32,127.57,89.98,109.51,113.62,112.21,101.48,124.47,139.67,89.15,105.68,122.98,105.49,110.2,124.38,125.05,94.93,110.53,114.57,100.77,96.98,114.02,117.98,81.9,103.32,100.79,98.8,101.47,123.11,118.11,84.05,101.4,106.05,113.64,84.47,97.68,106.21,84.69,90.01,100.89,100.11,99.44,111.81,100.72,80.91,96.62,95.42,95.09,100.86,117.46,110.99,86.65,93.54,103.59,84.66,69.33,105.98,107.43,80.94,108.74,111.69,119.03,103.3,69.31,91.52,76.93,103.69,102.04,105.36,109.7,75,97.26,71.7,99.08,99.68,99.2,101.08,108.65,100.11,81.75,99.23,102.62,100.46,102.2,108.35,103.26,80.02,89.75,95.87,95.94,98.61,112.93,100.52,75.72,93.28,91.11,98.69,95.4,101.74,100.53,72.76,54.81,74.75,98.62,103.69,118.5,109.53,71.33,99.25,99.06,104,102.88,118.99,110,92.8,79.81,94.7,107.29,72.7,93.67,101.73,80.14,91.37,107.43,114.02,110.69,122.36,108.17,85.28,103.6,105.73,114.38,107.34,121.28,109.64,86.77,102.66,117.33,115.38,119.94,,123.31,87.79,105.4,106.24,115.23,104.87,130.45,136.63,106.25,120.4,126.41,114.13,128.74,143.06,139.76,92.48,116.54,126.26,118.98,121.23,125.65,133.72,99.21,122.69,129.93,129.7,130.95,138.71,138.51,94.01,112.92,130.57,126.45,110.14,144.52,141.48,110.56,121.22,137.25,114.47,116.09,142.71,140.43,95.84,119.54,127.87,136.42,118.96,142.76,144.99,116.49,119.57,128.63,119.68,134.31,145.47,133.89,104.86,121.18,128.77,135.5,142.81,155.97,153.6,112.78
county,Kings County,driving,,New York,United States,100,101.92,102.9,108.19,124.46,108.62,100.53,99.63,99.82,103,106.76,121.09,115.91,95.75,96.06,97.25,99.07,103.07,121.03,123.25,95.49,98.3,99.2,100.03,106.91,119.12,129.62,103.42,102.32,103.15,104.9,114.05,140.51,128.09,109.3,106.68,104.7,108.05,108.02,122.21,131.21,106.36,102.51,103.5,105.74,110.24,129.61,134.78,106.46,105.42,108.1,111.91,116.17,130.74,138,107.54,108.69,103.53,103.56,100.82,110.31,97.5,73.42,77.34,71.3,67.26,64.49,68.7,53.94,39.82,41.72,47.62,44.8,48.47,52.47,41.43,36.04,44.97,44.32,46.57,46.4,48.65,44.22,38.89,47.34,47.14,44.75,43.76,48.47,47.75,38.47,43.08,50.23,51.08,52.09,58.18,51.73,48.02,54.03,51.19,58.13,56.14,59.83,60.86,45.18,54.48,61.5,58.42,58.47,68.7,71.18,60.86,63.61,67.81,63.83,69.82,69.48,65.79,62.95,,,72.38,75.2,89.27,84.96,67.69,74.03,76.89,80.94,84.94,93.44,75.82,78.88,77.09,86.13,89.04,87.07,96.02,99.4,79.77,85.33,82.1,84.25,94.74,97.27,98.44,87.31,97.82,103.46,103.23,97.87,123.33,113.5,94.72,100.83,107.07,108.27,111.12,140.4,120.08,97.97,114.09,118.63,119.73,122.81,140.53,118.76,105.74,120.04,120.66,122.27,141.41,127.12,120.05,103.38,114.5,120.76,124.07,134.17,120.42,125.37,125.5,125.42,131.47,130.95,132.74,142.35,144.38,119.56,127.23,131.53,127.19,130.99,141.61,151.35,122.33,131.76,133.93,139.21,137.31,147.07,153.65,117.23,133.44,118.14,146.56,143.82,150.98,149.44,132.13,134.93,137.83,133.04,135.31,158.56,150.88,107.59,133.22,140.11,133.2,144.69,161.84,151.97,123.86,132.2,133.36,137.57,138.1,153.79,130.67,131.99,128.45,133.97,131.13,141.67,165.08,154.26,136.83,124.41,133.89,133.72,130.63,157.89,153.66,121.19,129.94,134.31,131.37,138.41,156.41,151.58,116.04,121.74,126.7,131.58,134.08,154.95,149.39,116.62,113.54,121.48,129.27,136.56,147.37,143.34,108.23,115.65,119.73,120.26,125.19,142.15,141.32,107.37,101.47,112,122.84,128.7,131.79,141.17,113.24,114.05,116.81,120.28,124.55,142.44,137.69,109.3,113.18,117.61,118.31,117.43,136.95,137.83,100.43,108.61,106.05,105.78,117.53,131.91,130.26,105.34,106.95,112.19,105.97,107.2,123.97,123.13,94.38,103.69,104.92,109.03,110.68,128.65,120.62,94.63,106.55,113.26,121.34,72.2,98.63,102.34,90.55,99.78,104.34,104.18,104.72,115.33,104.36,92.5,97.97,99.52,100.91,107.9,121.97,112.62,97.54,99.23,110.57,86.61,63.86,105.52,105.88,86.47,113.68,114.89,126.68,106.05,59.09,88.34,84.68,103.02,105.21,112.75,107.68,73.81,96.44,76.97,95.74,99.25,99.11,98.99,109.5,104.48,87.5,94.6,101.13,99.43,104.42,112.18,104.23,91.64,97.81,97.18,97.97,102.71,112.74,104.8,87.05,95.16,91.73,100,103.1,110.7,107.8,82.93,40.48,60.41,90.8,102.04,112.15,110.47,65.91,93.41,96.8,104.97,104.35,117.31,110.65,98.4,86.85,97.14,107.72,71.7,95.61,105.81,90.77,93.77,103.69,114.05,116.88,127.65,115.86,95.23,102.7,108.35,116.24,112.41,126.62,120.03,98.98,103.56,113.05,115.11,122.46,,128.35,104.95,107.9,110.84,115.93,116.43,135.07,133.41,114.8,115.08,118.8,117.14,125.31,157.31,140.9,95.36,112.34,128.1,120.34,122.86,132.08,131.68,102.21,120.17,128.03,128.8,134.58,145.08,142.02,104.76,114.7,124.65,126.12,122.01,146.71,142.33,118.97,118.43,137.28,119.21,127.22,153.04,158.78,110.43,121.61,125.34,140.38,128.29,152.63,149.95,126.47,120.31,129.44,127.89,138.69,155.24,145.69,118.93,121.14,128.83,133.91,142.96,162.34,167.06,124.64
county,Kings County,transit,,New York,United States,100,99.44,101.84,101.81,114.22,112.17,104.16,98.62,103.3,105.83,109.59,121.04,113.2,93.13,99.61,97.43,99.03,102.73,118.31,124.28,96.26,98.95,99.76,99.27,103.29,115.36,135.31,105.42,99.28,103.38,105.47,109.88,122.66,125.99,106.47,112.8,108.25,110.25,108.75,120.24,133.88,102.15,99.58,97.86,101.47,101.92,120.03,132.2,100.15,102.58,103.12,111.89,110.35,117.08,139.24,103.62,102.56,94.77,93.34,83.38,82.18,75.62,53.13,47.46,39.82,36.61,35.15,33.48,26.07,20.09,20.38,21.99,20.43,21.25,22.45,17.64,16.62,20.15,19.23,19.02,18.2,17.89,16.54,15.83,18.48,17.76,17.04,16.48,16.87,16.04,14.43,15.9,18.33,16.92,16.9,16.96,15.06,15.96,18.84,17.04,17.9,17.62,17.66,17.65,15.11,18.75,20.56,20.28,18.99,21.17,20.92,19.94,22.8,22.79,21.33,22.64,20.21,18.71,18.73,19.29,16.49,23.94,23.75,26.65,24.25,21.93,25.46,25.32,26.02,26.73,27.51,22.65,24.42,26.67,29.89,30.08,28.35,30.15,31.41,26.95,31.88,31.37,29.62,33.8,31.64,35.84,34.73,38.85,40.21,39.38,35.56,44.36,40.62,37.09,40.56,42.49,42.6,42.39,51.4,44.53,38.29,49.2,50.52,50.19,50.92,56.45,47.11,45.77,55.06,51.49,51.64,59.91,51.55,54.59,46.48,51.1,54.6,55.7,61.38,45.88,52.27,57.96,57.57,60.66,59.56,59.8,59.59,66.98,57.24,60.16,63.26,57.51,57.83,60.68,71.46,58.87,63.64,62.58,66.58,63.26,65.53,69.37,54.57,64.94,59.31,70.9,67.91,67.56,71.1,68.05,68.17,68.6,64.35,62.6,74.94,72.32,51.86,69.4,72.04,65.68,74.04,78.83,75.11,63.37,69.61,69.92,70.73,65.79,71.87,62.87,67.1,65.27,64.76,64.19,67.82,77.87,75.31,64.58,65.43,67.78,67.14,62.74,77.49,78.67,63.04,66.32,66.38,67.23,69.33,75.14,78.43,66.65,63.29,63.26,68.55,66.55,78.35,81.01,63.21,63.14,61.52,66.03,70.93,75.73,79.43,60.6,63.02,64.5,65.32,67.72,76.42,85.07,61.72,52.93,60.25,67.36,69.81,64.62,82.75,64.99,64.81,63.84,66.21,67.72,78.53,81.16,61.99,61.38,64.48,64.2,58.8,71.55,78.9,54.46,60.81,56.69,57.67,66.91,76.88,77.27,62.63,63.11,65.66,60,60.17,70.89,76.51,55.54,61.25,59.06,59.69,60.55,70.41,73.61,56.18,59.36,60.63,57.85,38.92,54.83,59.7,52.51,51.52,58.8,57.94,59.07,61.46,61.56,57.11,56.98,56.7,56.59,60.35,66.95,66.48,59,53.69,58.12,47.47,49.05,64.57,66.81,53.07,62.79,62.89,63.06,46.85,30.68,46.51,48.12,59.22,59.62,59.97,52.19,37.88,53.52,43.83,57.11,57.07,55.1,56.11,60.47,61.04,52.91,56.73,58.39,58.37,59.12,62.53,62.57,55.48,58.67,58.69,55.93,59.87,64.47,61.04,52.94,56.93,53.9,58.5,57.54,57.4,60.58,48,45.81,52.08,64.47,65.49,68.84,72.76,48.54,60.07,59.08,64.75,62.7,72.09,71.99,62.81,59.44,62.09,63.69,51.7,64.07,70.04,58.53,57.39,63.4,70.1,68.83,74.38,70.77,57.06,63.87,64.24,70.56,67.65,76.01,75.37,62.38,64.05,72.82,70.74,75.8,,78.8,63.68,65.18,65.41,69.92,65.81,78.99,83.86,71.3,71.64,75.02,69.11,76.05,90.32,92.93,58.92,74.21,79.66,73.43,75.61,81.43,84.18,65.68,78.14,84.89,84.35,85.83,91.65,93.67,66.33,75.26,81.75,81.55,78.27,93.01,100.57,80.74,80.1,90.1,75.5,81.28,98.11,108.34,73.36,80.12,82.18,90.88,81.99,99.79,106.65,86.01,80.97,87.87,83.21,92.32,102.47,95.75,73.16,83.95,89.62,93.33,99.24,110.72,127.11,90.62
county,Kings County,walking,,New York,United States,100,97.84,106.96,100.88,119.39,113.64,111.31,96.18,93.9,99.11,108.97,128.09,122.38,105.14,94.29,92.67,94.06,97.48,129.3,146.99,101.74,101.74,100.9,99.82,101.8,118.1,150.4,111.14,90.68,100.11,106.73,111.29,136.15,141.68,123.64,119.1,104.46,109.14,105.63,125.84,160.13,121.67,103.93,94.6,99.66,101.47,128.97,148.54,112.21,109.79,103.12,117.7,119.07,122.87,162.05,127.92,120.12,106.67,107.68,98.41,111.71,112.75,78.56,66,60.51,58.98,54.36,63.05,53.14,36.21,27.53,41.86,33.4,41.38,46.63,30.83,28.35,35.78,34.56,39.28,36.03,35.68,39.6,33.5,41.67,38.79,35.83,30.95,33.96,40.47,32.38,28.35,38.42,37.02,35.7,39,34.74,41.94,39.71,33.99,40.51,37.38,37.16,52.83,28.46,36.64,48.95,39.03,37.59,47.18,66.53,56.28,49.29,51.13,41.79,54.45,43.78,44.62,49.34,38.72,36.36,55.95,56.7,69.46,72.53,56.21,54.99,55.9,59.38,63.7,66.76,49.96,64.93,63.38,67.26,68.62,61.54,73.28,85.14,68.44,71.85,65.17,63.38,74.72,68,83.06,76.88,78.84,77.61,77.6,66.74,95,96.25,82.36,76.26,83.97,82.05,83.29,119.76,94.74,75.12,85.74,96.14,90.15,94.16,110.46,88.11,81.34,89.94,89.63,87.58,107.23,95.16,106.43,81.36,82.49,96.21,90.89,103.69,76.27,98.65,101.85,96.3,102.51,102.37,103.11,105.81,115.33,89.13,91.97,99.84,88.02,96.08,104.65,126.35,93.07,96.32,100.93,106.33,102.37,112.02,128.29,91.3,102.42,82.42,114.15,110.92,111.74,131.44,114.53,105.04,108.23,99.35,99.04,125.34,130.4,77.91,106.59,114.23,104.91,118.53,129.26,128.72,102.31,103.65,104.25,111.97,102.64,118.84,106.95,114.48,107.07,109.71,106.79,110.98,137.28,142.91,120.57,113.03,111.68,110.84,99.37,133.9,145.42,105.55,105.04,110.7,111.28,113.98,130.51,143.71,106.12,99.31,103.41,111.74,109.74,133.22,144.45,104.82,98.18,94.96,106.25,114.22,124.85,138.17,99.29,97.99,104.35,100.89,104.54,122.67,132.97,94.08,72.65,88.35,105.72,108,94,135.76,100.78,94.69,98.35,102.52,103.45,123.23,133.15,93.01,90.08,102.93,99.34,84.05,108.76,132.87,79.75,86.27,97.54,89.93,98.74,117.01,136.47,101.68,93.84,100.41,84.89,84.31,103.6,118.11,81.24,86.46,85.25,82.35,87.39,108.02,113.78,79.24,83.04,89.86,93.82,53.94,82.25,89.81,78.36,69.94,85.48,82.38,86.66,90.95,86.87,80.17,79.17,77.96,77.26,88.28,102.44,101.29,87.23,72.86,84.99,63.78,55.89,85.17,88.53,69.1,85.08,88.05,93.81,76.19,41.49,62.84,64.76,82.94,83.08,88.13,87.26,57.28,82.95,60.41,78.97,80.49,79.55,80.41,88.04,88.17,74.74,78.6,83.92,82.98,87.19,92.59,95.22,82.98,84.83,78.46,77.58,83.9,92.9,87.11,69.93,76.53,70.66,80.77,78.57,79.84,85.89,64.03,40.26,55.06,77.1,87.86,95.73,104.32,56.97,76.23,77.94,85.26,83.08,96.77,95.71,88.08,73.48,82.22,86.44,58.41,79.45,95.87,80.9,72.02,85.5,98.68,97.73,108.23,103.54,78.49,85.07,85.1,100.02,93.1,103.67,105.97,88.58,85.58,105.08,98.27,112.06,,120.98,92.63,85.88,86.71,95.59,86.72,110.93,132.75,113.18,99.47,105.1,89.11,109.41,132.83,145.35,79.89,97.43,108.64,96.01,100.23,108.23,129.03,94.54,105.18,115.59,116.23,120.01,125.25,145.45,86.2,91.85,115.21,112.21,95.42,125.31,147.58,118.02,106.36,132.96,98.64,106.46,140.57,170.35,104.08,103.69,109.1,130.25,108.17,138.03,161.6,131.14,101.83,118.9,107.62,127.63,142.14,134.17,100.82,108.06,118.67,127.37,137.04,158.32,194.54,130.45
county,New York County,driving,,New York,United States,100,94.86,99.23,103.35,122.96,115.13,107.98,87.73,90.64,95.43,102.7,125.13,122.78,98.26,87.7,91.01,95.13,102.22,124.78,125.15,87.64,91.52,94.16,96.98,104.86,127.74,135.69,103.3,94.76,100.37,101.32,111.18,146.48,141.72,119.17,105.53,101.68,106.02,111.83,132.35,140.44,103.3,94.35,97.46,100.31,107.15,131.44,133.45,99.76,96.3,98.74,103.39,110.85,125.92,132.34,99.64,100.97,95.04,88.53,79.11,77.37,62.72,43.53,40.83,33.97,31.1,27.6,28.71,22.87,17.36,18.33,19.63,18.54,19.61,21.87,17.8,15.54,18.49,18.28,18.44,18.28,19.82,18.3,16.39,18.31,18.63,18.69,18.8,20.61,19.92,16.85,18.5,20.27,20.56,20.71,22.73,20.64,21.01,21.43,20.47,22.13,21.91,23.5,26.02,19.39,21.95,25.24,23.19,23.48,27.37,30.13,26.34,26.45,27.3,25.22,27.84,28,27.43,25.53,,,29.18,30.44,36.01,35.09,29.32,30.37,31.91,32.87,34.93,39.5,30.65,33.82,32.03,36.65,37.29,36.24,40.02,42.63,36.36,40.16,38.23,32.66,37.28,37.76,38.48,35.12,40.92,42.39,42.72,41.1,51.9,46.41,39.64,44.6,46.43,46.94,48.08,59.63,48.31,39.81,50.45,53.66,54.24,56.2,63.8,51.32,48.62,54.82,56.48,57.59,65.9,51.36,47.63,44.75,51.4,56.17,57.05,63.26,54.24,56.15,55.36,57.62,61.6,63.9,64.79,70.14,67.4,54.24,58.37,62.49,60.67,63.05,72.73,72.76,58.04,61.74,63.81,67.52,67.58,74.67,72.71,54.81,64.95,52.75,73.94,72.25,75.67,74.25,63.64,66.5,67.63,65.84,66.44,84.04,77.25,51.9,67.56,71.94,68.41,76.02,86.21,80.66,65.77,67.03,68.8,71.89,72.27,80.9,68.07,72.43,67.36,70.54,68.9,74.21,90.49,85.52,73.46,63.63,68.77,70.77,67.76,92.44,91.43,67.2,67.34,70.08,71.08,75.21,88.57,92.23,70.66,64.5,67.25,71.42,75.09,92.45,93.9,69.94,62.97,62.63,67.7,75.01,86.76,93.49,67.8,62.92,65.86,65.88,72.7,91.51,98.17,67.74,53.09,60.68,69.48,75.46,75.19,95.37,70.43,63.56,64.54,67.27,71.58,87.68,91.94,67.08,60.78,63.33,64.01,64.01,77.63,83.02,56.57,57.3,50.95,52.03,60.44,76.27,85.15,65.22,57.17,61.6,55.53,56.45,71.13,80.46,54.61,54.96,55.17,56.33,58.37,72.36,74.23,52.31,54.17,58.8,61.05,32.8,54.37,60.22,52.74,46.5,51.17,51.98,55.66,62.71,62.82,56.09,50.93,51.26,53.16,58.78,72.07,74.12,65.36,49.7,58.09,43.45,32.28,58.98,63.23,49.14,59.33,63.05,70.6,49.55,32.75,53.86,52.06,59.87,59.62,63.91,58.06,44.91,66.56,41.06,47.58,49.57,48.88,50.57,57.01,60.07,49.44,47.95,51.01,50.18,52.81,62.5,63.84,54.99,52.01,49.44,47.91,53.97,62.43,61.31,48.26,48.53,45.53,51.04,53.33,59.35,61.5,45.08,20.58,30.39,47.24,55.79,61.89,65.22,33.74,46.82,47.95,54.1,54.12,72.71,73.66,69.95,49.69,52.31,59.13,38.31,54.04,67.2,53.84,47.72,53.55,59.17,63.05,74.56,71.28,54.11,53.11,55.48,60.86,60.91,73.39,75.93,60.15,55.1,61.06,61.66,69.49,,85.87,64.31,57.25,58.96,63.8,63.05,80.83,93.6,75.73,62.62,65.16,62.46,72.36,88.82,101.64,60.13,65.81,74.42,68.3,73.71,83.68,91.91,67.7,69.18,73.47,75.86,81.4,91.81,102.84,64.57,63.66,73.04,73.1,71.88,96.17,106.22,82.86,69.27,81.52,68.92,76.31,99.73,116.53,72.63,69.62,71.67,82.79,78.05,97.53,109.38,86.9,69.5,75.8,75.57,87.01,102.37,97.61,75.32,73.08,80.07,83.05,93.92,113.89,125.54,91.05
county,New York County,transit,,New York,United States,100,87.97,91.82,94.74,109.53,105.36,96.43,81.77,87.05,92.49,97.42,114.35,108.64,85.77,84.46,87.88,90.6,98.87,112.96,110.51,81.67,85.66,89.38,92.27,98.14,116.86,120.86,89.17,87.37,92.84,95.34,103.58,124.9,118.53,98.4,96.42,94.21,99.69,103.89,119.98,120.39,86.07,86.37,88.92,92.42,98.04,118.59,117.68,84.89,87.22,90.22,94.39,99.33,110.15,113.11,82.55,86.84,79.87,74.69,60.15,54.57,46.55,29.05,22.92,17.64,15.08,12.93,12.67,9.56,7.46,7.62,8.09,7.52,8,9.25,6.99,6.52,7.76,7.21,7.04,6.86,7.09,6.44,6.15,6.98,6.6,6.45,6.35,6.82,6.57,5.81,6.58,7.05,6.87,6.87,6.85,6.24,6.48,7.22,6.88,7.01,7.09,6.97,7.26,6.35,7.35,7.92,7.66,7.39,8.29,8.35,7.93,8.8,8.82,8.37,8.79,8.14,7.98,7.29,7.66,6.63,9.15,9.15,10.08,9.65,8.65,9.93,9.93,9.95,10.16,10.5,8.89,9.99,10.05,11.6,11.53,11.07,11.69,12.83,10.91,12.52,14.19,10.92,12.41,12.14,13.6,12.52,15.42,15.48,15.21,14.36,17.31,16.23,14.21,16.23,16.74,17.02,17.24,20.91,17.07,14.61,19.47,20.46,20.85,21.15,23.44,19.55,19.13,22.13,21.53,21.61,25.22,20.64,20.75,17.81,21.27,22.8,23.34,26.62,20.04,22.62,23.42,24.31,26.3,26.23,26.61,27.73,29.45,24,25.07,27.32,25.12,25.44,28.27,32.75,25.79,27.17,27.63,29.7,29.09,30.45,31.57,23.36,28.99,23.93,32.78,30.79,31.71,33.77,29.22,30.36,31.39,28.81,28.42,36.25,36.95,22.9,31.96,33.88,31.3,35.97,39.18,38.17,30.76,32.41,33.12,34.62,31.44,37.26,32.53,34.42,31.03,32.17,32.13,34.33,41.75,42.47,35.61,32.93,33.45,34.51,31.49,44.98,47.16,33.55,33.28,34.41,35.05,36.97,43.16,49.02,38.58,33.31,34.02,36.43,37.5,46.58,51.55,37.66,34.02,31.32,34.67,38.65,45.09,51.49,36.26,33.25,34.74,34.67,39.27,47.15,53.52,37.24,28.71,32.03,37.49,39.94,38.47,54.28,38.53,34.65,35.01,36.63,38.97,48.25,52.32,36.2,32.7,35.23,35.22,33.33,42.74,51.93,31.96,32.52,28.92,29.25,34.95,44.01,52.4,38.78,33.72,35.8,32.26,32.41,41.5,51.41,33.34,31.96,32.73,31.94,33.61,42.47,45.9,31.6,30.3,31.93,31.46,18.45,30.11,34.1,28.73,25.3,29.84,29.8,32.23,35.49,38.51,34.99,29.99,29.7,30.28,33.27,40.85,43.17,36.28,27.86,32.08,24.89,23.76,36.09,38.99,29.38,33.49,33.73,34.42,24.27,17.06,27.58,26.88,34.47,33.71,35.4,31.46,23.29,36.59,24.31,30.44,29.47,28.7,29.97,33.52,37.54,30.26,28.98,30.87,30.23,32.34,35.49,40.31,34.31,32.32,30.17,28.67,32.17,37.55,40.48,30.86,30,28.33,31.2,31.79,33.3,38.28,27.31,18.51,24.12,32.13,34.76,39.67,46.77,26.92,30.98,30.84,33.52,34.06,43.9,48.42,42.74,34.68,33.28,35.14,27.86,38.41,47.67,36.03,29.87,34.25,38.16,39.1,46.69,47.23,34.22,34.24,34.99,39.42,38.27,46.99,52.09,38.93,35.42,39.91,40.25,45.39,,57.18,41.3,37.19,37.9,42.34,39.69,52.39,63.69,48.61,42.07,42.93,39.83,47.46,58.43,70.61,39.31,44.83,49.52,44.75,48.9,56.4,61.91,44.24,45.45,50.57,51.5,54.68,62.52,70.98,43.35,43.61,50.71,50.43,48.09,64.8,77.87,58.33,48.84,56.19,46.94,52.61,70.34,83.15,50.6,49.62,50.93,58.12,53.29,69.39,81.47,62.02,50.15,55.57,54.56,62.26,75.17,73.42,51.52,53.85,59.56,61.62,70.68,83.83,95.2,68.61
county,New York County,walking,,New York,United States,100,93.98,105.31,102.57,118.23,124.6,118.85,83.28,84.55,94.43,103.71,134.92,125.54,100.1,88.64,91.75,94.88,101.26,128.5,139.27,86.33,95.21,97.83,99.03,102.59,128.89,149.75,105.43,88.01,97.54,102.51,106.79,148.02,156.51,137.47,118.76,106.36,115.04,116.01,139.26,161.14,110.01,95.75,92.34,101.15,103.93,133.24,141.21,102.44,100.47,97.39,108.45,115.85,121.72,149.46,109.48,113.63,99.74,91.79,74.71,71.05,60.88,35.92,25.56,18.41,16.32,13.34,14.99,11.5,7.53,6.69,8.9,7.27,8.72,10.29,6.69,5.88,7.86,7.42,7.61,7.53,7.45,8.43,6.93,8.41,8.05,7.54,6.78,7.44,8.67,6.96,6.3,8.27,7.98,7.82,8.43,7.51,9.65,8.35,7.49,8.42,7.96,7.95,11.94,6.23,7.94,10.64,8.43,7.98,10.09,14.87,12.69,10.21,11,8.52,11.25,9.21,9.63,10.42,8.54,7.44,11.3,11.51,14.78,16.73,12.39,11.72,12.65,12.55,13.59,14.4,10.32,15.23,14.32,15.2,14.99,13.79,15.85,20.11,17.72,18.29,18.71,12.03,14.9,13.27,17.23,15.81,17.83,18.45,17.99,15.68,22.16,23.18,18.26,19.17,20.63,20.46,20.89,27.16,22.32,17.03,22.51,25.02,24.91,26.38,30.23,23.82,23.5,26.3,25.87,25.46,30.13,23.75,25.2,20.8,23.21,28.19,27.71,33.2,21.3,28.84,30.39,29.68,33.2,34.23,34.75,35.84,38.48,27.13,28.67,32.78,29.03,31.34,36,42.56,30.42,31.3,32.84,35.62,34.85,38.71,44.81,28.91,34.85,23.58,40.6,40.09,39.76,48.1,37.57,36.38,38.57,33.69,34.36,47.58,51.01,26.3,40.01,44.17,39,46.73,51.86,53.04,40.82,38.49,38.88,43.9,38.3,48.48,43.45,47.26,40.37,43.8,41.31,43.67,57.69,64.6,53.62,42.8,41.94,42.81,36.95,61.76,70.05,46.13,41.19,43.22,44.54,46.61,58.3,71.9,48.6,40.25,43.12,46.64,47.54,64.29,76.98,50.41,42.29,35.63,42.67,48.8,59.2,76.93,49.43,40.48,43.19,42.55,47.14,63.63,79.84,51.37,29.16,35.65,46.2,50.32,43.15,81.32,52.32,40.84,41.71,44.48,47.92,64.79,78.03,47.9,37.44,42,41.24,34.14,49.99,67.67,35.8,35.01,32.78,32.74,40.29,56.3,77.77,52.32,39.67,42.63,35.61,34.61,49.03,69.58,39.47,35.41,34.56,32.77,37.07,51.76,61.18,36.45,32.61,36.36,37.75,18.93,42.68,46.79,36.17,24.6,31.69,32.07,37.92,42.46,47.84,41.22,32.81,31.82,31.9,39.56,55.78,63.8,53.6,28.92,36.11,23.78,20.82,39.34,48.45,34.86,38.88,40.41,43.58,31.94,20.99,38.69,37.61,46.06,41.51,46.23,43.87,33.03,55.97,24.52,32.6,31.88,31.09,32.95,37.61,43.99,34.27,30.16,32.66,32.41,35.5,40.8,50.25,42.23,37.62,31.01,29.5,34.01,42.93,44.23,31.35,30.55,27.58,32.41,31.74,32.68,42.61,26.56,11.6,18.42,29.34,34.62,42.04,52.05,21.01,27.87,28.73,32.26,33.24,48.96,62.23,60.75,35.15,34.98,36.3,23.14,37.52,54.26,39.07,27,33.55,40.65,40.68,52.99,57.86,36.16,34.06,33.72,41.84,39.42,50.74,62.56,45.54,36.15,45.58,44.15,53.99,,77.48,49.9,37.34,38.84,46.58,39.53,61.19,90.87,66.6,46.67,48.4,39.8,55.2,73.14,99.7,44.19,51.43,59.64,49.28,54.49,67.97,85.51,55.59,52.93,56.61,58.42,65.11,75.52,100,45.67,41.86,55.53,56.55,47.23,75.79,103.63,74.83,54.05,67.21,48.94,56.77,87.18,114.93,59.93,53.13,54.9,67.03,57.84,81.26,110.75,78.79,52.43,61.07,54.82,71.58,89.62,90.29,57.06,57.07,64.19,68.76,83.17,106.78,133.3,86.89
county,Queens County,driving,,New York,United States,100,100.56,103.52,106.45,121.1,96.59,92.21,96.4,101.34,101.02,105.1,119.35,108.11,90.84,96.54,95.94,98.13,103.5,114.68,110.31,87.71,97.57,96.87,98.41,104.84,115.53,113.27,92.56,102.85,102.38,103.27,114.6,134.1,115.43,97.77,101.85,104.02,105.73,107.05,118.06,118.06,95.76,101.62,105.13,104.86,110.15,126.23,121.44,97.18,103.05,105.1,106.67,110.04,123.14,120.11,95.13,104.75,99.45,99.75,96.07,105.21,91.29,69.89,74.57,68.32,64.93,59.81,62.12,50.77,36.18,38.62,42.97,40.01,42.94,46.52,36.6,31.19,39.68,40.01,40.21,40,42.8,39.29,33.49,41.63,40.88,40.36,39.34,44,41.63,33.1,37.85,44.65,45.63,45.7,49.27,44.56,42.09,48.05,44.23,47.88,47.8,49.89,54.03,37.77,47.41,54.2,50.1,50.8,59.03,63.17,53.33,56.69,60.39,55.46,60.47,60.37,61.63,57.11,,,64.11,66.72,79.42,77.05,62.09,68.07,70.3,73.51,76.13,84.28,69.25,72.69,69.98,79.33,82.63,78.2,86.27,91,75.07,76.49,72.79,73.09,83.03,85.56,91.59,82.11,88.99,94.82,92.82,87.82,113.19,108.04,88.23,94.42,99.15,98.49,101.56,121.85,116.81,93.95,106.4,110.37,109.73,111.7,129.52,113.77,99.02,111.17,110.5,112.74,134.2,118.66,109.83,97.79,108.21,110.84,114.7,124.99,113.35,118.82,118.51,113.88,121.76,120.37,123.23,132.75,139.48,113.97,115.6,119.76,117.41,120.71,131.3,140.5,116.32,123.29,122.62,128.43,127.68,134.47,143.51,106.22,124.2,105.78,138.53,133.51,141.58,139.14,122.34,127.14,129.58,126.37,126.34,148.74,144.04,100.58,124.26,129.77,122,135.19,149.52,148.16,114.27,122.8,122.79,126.15,125.15,141.79,120.07,122.92,117.06,120.28,119.8,129.3,155.59,142.58,121.98,109.24,122.68,125,123.05,148.42,141.7,108.17,118.92,121.61,120.1,126.69,144.56,140.17,105.45,111.75,115.43,119.1,121.17,143.49,138.84,106.76,111.95,111.9,114.69,121.25,133.94,132.41,100.76,108.47,112.12,111.01,117.38,137.3,134.23,98.21,94.02,104.17,112.57,118.65,122.07,129.39,101.89,106.19,107.85,109.09,112.88,131.12,127.79,96.52,105.91,108.78,108.54,106.45,125.29,124.06,89.91,102.09,95.44,96.7,104.94,120.97,119.22,97.52,100.52,104.65,95.75,97.19,113.88,113.13,82.81,94.52,96.35,96.95,98.94,120.48,111.78,83.64,99.07,107.27,111.76,67.37,91.58,95.45,82.41,86.26,95.4,93.21,95.87,105.66,93.57,81.97,91.33,92.61,94.23,98.95,112.47,102.21,87.28,91.92,102.69,80.5,54.37,96.44,96.67,78.81,102.56,109.39,123.04,102.85,56.55,85.96,78.68,97.47,100.44,103.97,96.64,65.41,89.97,71.33,90.15,91.22,90.92,91.7,99.5,97.5,79.49,89.56,92.25,91.62,94.33,103.89,98.87,82.24,89.12,90.3,88.67,93.35,104.81,97.2,78.85,88.72,83.41,91.05,93.77,100.29,98.16,76.1,33.67,54.92,82.09,93.36,103.65,103.03,56.91,86,88.57,95.11,92.18,107.06,101.5,86.59,79.52,89.24,100.24,62.89,84.5,98.34,82.58,85.99,93.81,104.9,105.85,121.83,106.74,86.33,96.26,96.2,105.16,102.46,117.54,110.51,90.25,96.8,103.41,105.44,109.27,,118.47,93.59,99.62,100.56,105.76,106.24,122.3,124.83,104.17,106.05,108.24,108.75,114.95,133.97,131.23,89.29,107.13,121.75,114.43,115.01,126.73,123.07,97.69,119.81,118.23,120.17,125.03,134.77,134.09,98.2,110.56,116.3,117.51,115.51,134.9,133.98,109.08,111.77,123.6,112.05,119.1,140.73,142.58,100.23,115.22,120.53,128.06,120.11,143.22,142.33,116.43,115.57,118.86,122.7,132.94,147.46,141.3,120.8,116.75,122.96,127.56,133.55,153.08,152.3,117.81
county,Queens County,transit,,New York,United States,100,93.19,94.59,94.28,100.23,90.1,83.42,88.65,100.83,102.47,101.47,109.49,96.6,84.96,97.77,92.58,90.79,93.94,101.27,99.5,80.65,91.67,90.68,90.73,93.23,100.88,104.3,83.77,92.17,93.13,93.97,99.26,106.81,101.65,87.16,103.31,102.06,102.69,103.68,106.23,104.03,80.92,91.83,91.45,91.09,93.5,104.49,102.07,82.67,91.64,91.09,96.03,94.55,99.84,103.68,81.14,92.65,84.1,82.76,72.61,71.69,62.8,47.13,45.61,37.76,34.38,33.01,30.15,22.68,18.46,18.88,19.93,18.65,19.02,19.15,15.37,14.57,18.17,16.96,16.96,15.9,15.72,14.48,13.65,16.1,15.28,15.27,14.58,14.68,13.88,12.79,14.67,16.31,15.23,14.94,15.31,14.01,14.17,16.78,15.34,16.13,16.36,16.2,15.88,14.08,18.07,18.9,17.91,17.65,19.25,18.9,17.7,20.93,21.42,20.32,20.78,18.71,17.62,16.51,18.59,15.77,21.37,21.63,23.53,22.36,20.61,24.63,24.3,24.13,24.94,25.28,21.25,22.36,24.52,28.77,28.22,26.78,28.57,29.49,26.49,29.57,28.45,27.86,30.52,28.64,31.54,30.85,36.6,37.66,36.19,33.44,39.56,37.62,34.78,39.22,40.07,39.34,39.42,43.88,40.32,35.16,46.07,47,45.96,46.65,49.37,42.9,41.61,49.71,47.8,48.24,54.09,45.29,44.71,42.99,49.94,51.94,51.4,54.93,42.75,48.41,51.5,54.12,56.99,55.46,54.27,54.14,58.47,51.8,56.02,57.98,52.81,54.07,54.7,60.26,53.25,59.71,59.21,60.46,58.82,57.1,60.34,49.08,60.85,55.17,66.12,61.77,60.53,60.95,56.76,64.57,62.77,58.9,59.17,65.91,64.44,46.61,64.33,67.01,62,68.26,67.85,64.99,57.28,65.06,64.64,65.95,61.42,64.5,54.16,57.37,59.26,58.32,58.73,60.69,67.07,61.7,52.77,56.21,62.19,61.1,56.61,65.02,62.85,51.71,60.66,57.78,58.66,59.75,64.27,63.14,53,56.99,58.13,58.83,58.56,66.1,65.15,53.87,60.97,55.35,59.05,61.82,64.24,63.85,52.27,59.46,60.17,58.59,61.18,66.71,65.16,51.63,50.03,56.19,59.82,61.32,55.67,64.69,54.51,59.2,58.33,58.47,59.29,66.27,65.71,51.48,57.52,58.83,57.18,53.07,60.14,64.72,47.03,55.76,51.6,52.28,56.3,62.82,65.32,55.23,58.93,59.22,53.37,52.64,60.31,60.57,47.22,55.57,55,53.57,53.52,61.56,58.35,47.8,54.62,54.88,50.83,34.85,49.63,52.46,46.43,47.29,52.89,50.91,51.89,52.67,50.52,47.15,51.95,51.2,50.09,52.97,57.56,54.74,48.22,50.92,52.27,43.09,44.89,58.98,56.91,47.79,59.55,58,58.14,42.63,28,44.32,45.14,57.2,54.6,53.09,44.35,34.39,46.46,40.06,52.55,51.39,50.39,49.41,51.71,53.38,46.84,52.2,55.68,52.49,54.44,54.47,55.45,49,52.68,52.13,50.04,53.39,55.21,53.16,45.58,52.69,49.4,51.37,50.05,49.13,52.12,42.62,39.71,48.35,55.33,55.06,57.35,58.13,40.77,54.62,52.7,54.8,54.51,59.91,58.82,50.14,52.43,55.63,56.04,47.43,54.25,59.25,49.85,52.11,56.51,60.34,59.85,64.16,60.24,51.43,58.79,55.97,61.68,58.91,62.81,62.7,52.41,58.3,62.02,62.83,65.25,,65.92,53.9,58.38,58.2,60.95,56.95,66.15,70.21,59.97,65.49,65.46,61.76,66.55,74.55,75.69,54.17,68.07,71.81,67.94,68.36,70.42,69.67,57.04,70.81,73.21,72.03,74.45,79.13,79.93,59.67,68.02,72.81,72.1,67.7,77.78,80.71,67.02,70.84,75.18,68.08,71.28,81.73,82.34,61.6,72.02,72.77,78.15,72.22,81.61,85.87,70.29,73.12,75.76,73.3,79.99,86.92,79.05,62.45,75.54,78.9,79.75,83.83,91.67,94.24,72.91
county,Queens County,walking,,New York,United States,100,94.07,101.07,95.53,103.78,92.61,91.91,89.41,95.27,99.23,100.51,118.07,106.33,91.1,93.61,88.84,90.62,93.39,111.29,117.09,88.84,96.21,94.07,93.34,91.99,101.46,118.65,91.04,88.76,94.12,98.94,98.98,115.92,113.42,97.25,105.37,102.32,103.63,101.77,113.64,126.73,94.7,97.35,94.06,97.04,93.32,115.62,118.65,93.27,99.37,94.85,104.18,103.49,106.04,127.44,98.73,108.25,98.73,96.99,88.86,100.81,99.48,74.65,69.62,63.82,63.12,55.59,63.26,52.98,38.23,31.72,43.61,35.03,42.88,45.23,32.77,29.59,38.42,37.93,39.02,37.85,38.02,39.92,34.61,42.49,41.1,39.23,33.79,38.35,40.78,31.48,30.85,43.12,41.62,40.3,42.29,39.19,40.11,45.6,36.91,41.68,40.79,39.73,51.49,30.08,40.68,49.93,43.55,40.85,51.71,64.83,55.73,54.24,56.73,46.7,59.02,51.07,55.07,54.46,46.51,40.87,61.15,64.4,76.21,76.82,63.08,66.18,65.84,69.57,72.31,78.25,60.53,70.03,70.74,79.19,77.7,73.02,80.5,91.31,73.59,74.4,69.19,66.64,77.55,76.42,86.55,78.24,83.56,86.23,85.22,76.45,103.17,101.34,82.38,85.55,93.44,88.7,90.12,109.96,105.16,81.78,97.64,101.93,96.92,99.77,114.91,102.39,88.49,100.34,98.41,97.81,114.18,103.27,107.76,89.45,95.12,107.68,102.16,114.25,90.44,114.95,104.75,105.78,111.34,111.64,115.2,124.45,132.92,101.85,102.4,108.9,95.59,105.94,115.15,131.98,101.98,108.15,108.16,111.14,110.98,118.05,130.96,94.94,111.55,90.84,121.76,116.03,122.47,134.18,111.39,114.48,117.06,105.67,108.79,131.25,133.83,85.69,113.85,118.74,110.54,122.6,131.31,134.71,105.36,112.26,111.03,113.61,106.87,122.77,114.46,110.16,107.8,111.9,112.33,113.19,136.85,134.15,112.06,103.19,111.55,111.41,103.18,130.12,132.15,100.75,110.28,108.79,107.25,111.22,128.62,130.85,98.51,102.29,104.29,106.5,108.36,127.15,133.28,99.85,105.63,95.96,106.68,110.37,120.94,129.48,95.64,102.14,104.24,101.35,104.92,122.16,125.71,92.05,79.88,93.17,104.61,106.13,99.82,124.95,94.65,100.03,100.02,101.78,102.57,120.56,127.24,89.22,98.48,103.17,99.03,88.1,108.33,132.12,81.69,93.47,100.78,92.22,97.57,114.38,123.67,95.97,98.9,101.74,88.79,86.99,103.2,110.63,79.44,89.86,86.22,85.71,89.1,108.49,110.77,79.95,86.7,92.94,99.39,63.14,87.77,94.73,79.19,77.89,88.3,86.32,90.95,97.27,90.89,76.83,87.35,83.31,83.32,91.15,104.74,102.91,83.94,83.55,89.71,71.62,56.84,92.01,95.47,73.88,94.42,98.65,103.88,88.68,49.56,77.26,71.55,93.49,91.08,94.35,94.08,61.05,86.82,63.73,90,85.42,85.52,84.07,91.49,93.89,76.73,83.48,88.48,86.41,88.84,94.82,97.52,79.26,84.64,82.93,81.95,84.5,93.52,90.71,70.91,81.66,76.77,83.73,81.43,83.88,91.39,68.98,41.36,60.72,80.91,87.25,98.6,101.24,57.77,81.12,80.26,86.76,81.1,98.3,97.81,85.38,75.96,85.97,90.79,60.43,79.31,96.2,78.28,77.94,87.46,97.2,96.77,104.71,106.88,79.77,90.16,87.88,97.67,93.35,104.26,103.61,86.1,92.36,102.55,100.76,105.31,,118.17,88.53,90.46,89.3,98.43,88.51,108.52,130.11,104.36,102.39,104.4,93.07,107.86,125.18,129.91,84.26,103.65,113,102.85,104.72,111.1,120.12,91.04,107.97,112.48,114.87,116.94,123.67,136.7,87.56,99.13,113.43,109.33,97.35,119.25,133.22,106.68,109.02,118.51,101.35,105.06,129.19,139.87,99.1,110,109.89,120.07,109.34,129.36,146.32,113.77,108.72,115.92,107.08,120.76,136.65,133.36,99.69,112.54,116.78,121.1,128.65,143.82,155.8,116
county,Richmond County,driving,,New York,United States,100,100.23,104.43,110.33,128.54,103.61,94.17,98.02,102.32,105.95,147.9,130.64,112.28,91.3,99.66,101.66,102.92,105.32,120.02,117.76,88.75,97.48,99,108.37,107.14,120.99,118.37,91.86,104.3,108.49,105.27,114,135.5,118.9,97.82,101.44,105.67,109.43,110.18,124.22,122.28,94.43,101.99,105.39,111.59,111.64,134,128.04,106.46,101.94,105.83,112.06,112.29,128.94,127.4,99.27,108.11,104.53,103.8,96,106.16,93.7,67.93,73.82,69.22,67.68,64.9,68.79,57.4,40.51,42.44,49.15,46.14,51.09,57.95,45.92,37.59,45.67,47.15,48.78,49.2,53.52,51.14,41.64,50.16,50.47,50.85,49.75,58.62,55.42,37.24,44.44,55.36,57.17,58.9,65.1,55.27,51.66,57.41,55.62,61.43,59.24,64.51,68.38,48.23,55.44,67.37,63.69,61.05,74.34,75.37,64.41,69.1,72.75,67.25,77.64,76.04,76.8,70.74,,,81.85,82.43,100.21,95.3,76.39,81.91,87.09,92.16,95.11,105.87,88.2,86.16,78.75,100.79,102.35,100.53,112.33,108.81,89.82,98.14,91.42,93.48,105.56,110.1,113.83,98.38,109.03,113.15,115.64,106.59,134.33,125.43,100.77,110.44,119.41,121.19,120,139.87,129.87,102.91,125.36,131.34,134.55,136.96,150.92,133.3,116.25,130.05,127.31,129.42,146.2,140.29,111,109.2,125.4,130.44,130.1,140.2,125.72,136.13,122.82,126.52,139.94,138.43,140.69,147.77,145.21,122.27,128.68,137.36,130.75,139.47,145.97,150.33,124.49,134.12,137.32,142.52,142.87,148.31,153.84,116.96,134.7,126.18,153.46,149.35,154.58,153.32,127.34,139.96,143.82,138.5,144.98,164.03,148.21,109.11,137.48,144.31,134.71,148.72,163.15,154.35,126.36,132.74,140.16,141.68,137.06,153.31,130.94,129.61,127.78,133.66,132.03,140.69,161.49,146.04,123.77,114.71,133.38,135.27,132.88,165.59,157.65,118.89,133.44,138.53,132.87,134.25,154.54,154.85,120.73,121.53,125.88,128,128.79,156.22,152.78,118.56,118.81,118.26,123.6,134.53,149.55,154.85,118.37,125.22,126.14,127.05,130.84,156.31,156.98,113.92,106.1,112.92,123.81,127.39,137.99,149.11,117.07,125.24,122.43,124.61,127.55,152.29,150.26,112.35,113.39,118.4,123.51,114.88,138.58,140.42,99.17,106.76,111.59,106.73,113.43,135.87,130.81,103.1,105.75,112.84,110.36,104.58,123.19,121.21,89,99.72,102.44,105.21,106.28,128.6,120.3,88.62,102.95,113.5,123.44,65.7,103.66,106.15,88.7,106.88,104.28,104.08,107.86,116.66,106.34,90.22,100.22,103.31,102.4,106.99,125.29,114.28,95.21,99.47,112.14,86.28,65.83,112.59,115.5,89.94,116.01,123.38,134.74,108.88,58.74,95.33,90.45,107.11,110.49,115.44,105.65,72.18,102.88,80.77,100.27,104.56,100.7,102.13,113.11,107.61,87.09,96.57,103.52,103.16,103.98,122.23,111.68,91.7,103.55,98.32,100.05,102,116.31,110.59,85.48,97.65,91.2,100.26,105.3,114.72,110.34,82.34,33.12,60.03,92.26,103.1,117.76,115.51,63.49,92.34,95.49,102.11,103.52,120.91,111.36,95.17,86.9,95.45,106.58,63.4,96.33,109.53,89.68,90.74,100.8,108.4,112.48,126.47,114.35,93.08,99.61,107.88,112.29,112.62,133.19,121.58,97.78,102.87,110.77,112.83,122.88,,128.33,121.18,106.44,109.23,112.99,111.75,136.98,136.67,110.4,114.35,116.99,117.49,123.92,155.04,143.19,97.83,118.47,127.07,126.77,129,145.56,136.15,96.27,120.92,128.33,131.52,144.92,157.09,145.85,106.62,116.74,122.91,125.24,121.46,150.63,144.85,117.07,115.84,128.55,119.52,127.14,156.57,157.9,108.54,121.94,128.33,134.31,129.7,156.77,152.61,126.21,121.09,130.08,125.35,139.33,160.39,152.77,124.13,122.76,131.67,138.21,146.14,163.82,163.56,130.05
county,Richmond County,transit,,New York,United States,100,102.32,104.42,101.9,103.01,86.18,80.94,92.92,112.03,119.58,136.49,123.16,86.39,82.29,116.71,111.78,107.3,102.96,110.24,99.9,75.08,103.71,103.19,101.44,103.21,108.01,99.74,82.2,103.89,103.35,101.78,105.04,111.94,99.18,89.22,103.68,119.35,117.03,112.5,114.05,106.83,85.39,102.38,102.33,103.63,102.74,111.86,105.6,88.52,105.47,105.75,112.87,107.54,108.61,103.79,84.75,108.79,96.21,95.76,79.96,81.44,65.87,50.81,53.22,46.03,40.04,41.47,38.5,28.62,25.56,25.65,26.78,24.71,26.06,26.66,18.86,19.79,24.51,22.35,21.12,21.53,22.68,19.63,17.84,23.06,20.58,20.9,20.38,21.52,19.11,17.55,23.13,23.7,22.05,22.67,21.84,19.93,18.55,21.4,22.31,20.94,21.57,21.67,20.9,18.38,23.9,24.5,22.35,23.61,25.09,21.79,26.11,27.07,26.75,29.63,27.71,25.27,20.98,24.04,23.72,18.73,25.75,27.02,29.45,26.08,25.28,30.95,30.4,28.36,31.15,29.76,25.26,26.81,31.66,32.74,33.37,33.75,32.47,31.73,33.68,36.68,34.34,34.72,36.43,35.51,35.68,35.05,45.91,45.21,41.11,37.49,45.01,40.14,41.8,46.52,48.17,47.11,45.76,48.17,44.37,41.27,55.8,55.48,55.48,55.98,58.87,47.83,49.4,62.1,53.88,55.57,62.01,53.47,50.88,52.33,56.73,61,58.94,66.23,46,53.37,55.94,60.22,64.23,65.18,62.72,59.81,62.04,56.61,61.99,63.96,58.73,61.03,57.55,62.09,58.53,65.58,66.53,63.7,60.84,60.14,62.96,52.12,66.1,57.28,68.85,65,67.54,61.29,60.61,69.31,66.02,65.12,61.56,72.65,64.19,52.76,70.03,71.81,65.3,74.85,73.55,69.07,62.7,72.98,73.95,71.41,69.62,71.08,59.85,63.81,67.65,63.78,67.76,67.27,74.8,65.44,56.4,63.78,70.14,73.59,68.18,76.01,65.97,57.77,72.54,70.49,69.72,68.83,73.69,66.13,59.51,68.66,69.73,69.71,66.2,72.68,69.11,58.73,67.03,63.28,69.5,75.06,79.13,73.39,65.98,74.95,73.37,74.17,69.52,80.72,77.24,59.53,59.55,65.62,71.64,73.63,67.86,75.41,62.26,71.47,76.11,76.19,73.65,79.13,78.48,63.04,71.2,68.85,71.67,65.24,72.24,73.69,54.36,68.15,63.53,64.43,72.5,77.58,73.42,62.28,70.83,68.97,65.09,61.4,65.89,67.78,50.32,60.46,64.02,60.36,61.65,68.69,64.5,49.68,60.33,60.42,57.78,39.82,60.61,54.35,49.78,56.62,61.07,57.88,56.24,62.36,50.64,52.13,59.25,57.77,54.61,61.61,62.65,56.05,49.71,55.31,58.56,49.67,49.68,61.43,57.48,52.76,64.84,62.41,62.64,45.02,31.73,47.16,47.21,60.2,61.93,60.52,46.8,39.25,54.51,46.71,60.21,60.81,56.56,58.76,60.4,55.61,52.42,58.85,59.18,59.54,61.25,61.37,56.26,49.9,60.5,60.44,59.32,58.64,63.57,54.98,46.17,58.31,54.85,58.37,58.06,55.6,53.65,46.94,38.09,52.46,65.22,64.54,62.23,57.75,41.45,59.87,58.82,60.72,60.1,61.77,59.97,52.11,57.36,64.06,64.53,49.65,56.55,60.3,51.85,59.23,67.58,69.98,66.59,68.73,59.57,54.73,66.33,66.9,65.89,69.11,71.9,64.85,56.65,63.04,68.39,68.99,74.18,,69.48,62.18,65.14,65.01,63.43,62.17,72.16,75.93,64.05,73.05,68.94,68.17,72.02,83.11,76.48,58.06,76.63,83.01,77.5,77.03,77.32,74.73,63.08,78.59,84.71,80.48,86.06,87.59,80.42,60.68,75.9,81.84,74.07,71.97,82.88,78.88,69.89,80.32,83.26,71.87,77.83,91.08,87.13,64.06,81.7,83.46,84.77,76.73,91.77,88.18,75.53,86.62,82.87,76.01,89.35,88.82,80.62,63.94,81.68,84.49,86.26,92.29,100.31,101.24,74.95
county,Richmond County,walking,,New York,United States,100,89.28,105.61,97.5,108.99,98.61,87.02,95.76,96.58,107.37,116.52,127.55,111.15,89.3,105.01,99.04,97.52,92.12,116.43,121.98,92.12,102.09,98.44,100.68,94.76,109.72,117.81,93.25,96.4,95.74,107.41,104.28,129.39,112.3,93.25,98.06,100.74,112.38,110.23,121.18,126.69,95.25,105.32,97.77,99.53,94.86,125.03,123.86,159.03,107.18,99.84,109.19,116.07,117.17,125.83,102.68,113.59,105.08,103.03,91.9,113.92,106.96,79.8,76.83,69.32,72.98,68.01,86.33,71.12,53.58,51.06,63.26,53.99,65.94,79.64,58.29,49.73,53.17,56.06,63.75,63.59,61.03,67.15,53.44,65.76,69.2,67.58,60.05,68.15,69.42,48.18,48.61,61.62,63.82,66.27,69.59,64.16,60.15,63.1,59.37,62.55,67.95,64.88,80.17,47.26,59.09,78.8,71.04,67.11,82.97,103.64,82.93,81.36,81.05,72.92,97.32,79.51,78.49,79.61,67.42,60.07,96.25,94.78,120.79,121.76,91.26,93.31,102.85,98.49,109.68,119.96,96.75,99.47,93.9,112.96,118.2,106.43,117.72,137.25,110.23,105.98,98.26,102.31,119.67,127.71,131.99,122.55,123.6,121.72,129.41,108.19,143.12,138.33,114.33,121.53,139.85,133.91,128.71,148.18,138.4,107.45,139.38,154.93,157.12,144.09,166.41,146.5,121.37,140.2,132.21,127.06,150.47,137.25,121.22,112.16,125.81,143.47,127.94,143.63,121.72,142.43,130.07,128.92,145.66,138.38,147.11,147.09,152.84,113.1,129.33,146.38,131.87,138.54,145.01,158.68,119.36,135.26,144.54,145.4,141.53,147.44,155.03,120.94,139.09,113,155.46,160.32,151.97,162.89,128.45,138.33,148.42,140.93,138.33,168.42,159.21,111.46,140.36,155.71,140.01,167.31,163.51,157.96,130.39,137.35,158.82,160.36,150.04,152.09,143.1,124.78,142.55,145.48,141.98,146.93,165.82,158.82,125.19,125.95,143.47,148.26,139.81,171.26,162.03,120.65,148.55,141.32,143.14,149.51,158.35,174.34,127.94,130.33,133.52,140.34,132.34,161.71,153.81,125.99,131.31,123.02,129.1,138.07,147.48,159.48,114.9,125.22,125.19,129.04,124.07,151.31,157.98,108.29,104.2,117.27,131.74,129.7,140.2,158.25,111.24,122.12,126.71,128.04,132.09,151.47,160.85,103.7,112.91,131.62,127.4,118.81,149.9,173.39,96.3,117.76,142.37,113.88,128.78,141.12,146.27,113.28,116.45,125.48,116.95,108.06,128.16,130.95,88.35,108.68,110.83,109.13,115.17,140.16,136.7,95.89,107.37,118.93,134.12,71.26,114.31,118.38,92.55,108.98,116.78,124.09,117.32,130.52,114.51,95.6,112.5,115.82,119.65,126.2,138.7,126.05,97.34,110.19,124.58,105.87,88.29,129.21,126.34,95.27,123.86,134.38,143.29,107.49,54.46,98.3,85.22,121.57,114.59,120.65,112.03,74.76,115.17,79.68,114.1,112.26,103.48,108.68,115.17,109.84,89.99,91.32,107.55,103.85,109.44,116.76,108.33,98.16,100.43,96.42,104.38,100.84,111.18,112.89,77.96,96.46,91.53,98.61,107.22,118.48,110.21,82.77,50.1,82.89,107.92,115.43,119.87,121.26,76.73,93.43,100.76,113.55,104.32,126.59,111.89,98.85,87.13,105.22,109.52,76.5,106.12,113.22,98.04,98.08,109.09,117.23,120.28,131.23,115.62,88.54,108.1,111.65,118.19,117.05,136.21,129.31,105.98,105.96,121.47,116.95,137.74,,132.21,112.48,104.18,103.07,106.86,110.29,137.09,146.68,120.86,127.28,122.04,115.47,131.01,151.45,147.71,103.7,125.99,134.98,125.87,133.65,134.75,138.37,93.29,130.04,138.07,134.24,146.15,144.51,147.83,103.77,115.66,134.34,124.91,115.47,136.14,141.1,118.2,123.91,133.95,118.62,122.27,152.13,161.07,104.85,122.27,134.22,141.38,127.63,152.35,161.34,126.63,122.55,136.27,121.72,143.14,163.3,145.15,109.6,119.95,128.98,137.84,151.94,166.72,174.44,130.37
,,,,,,,,,,,,,,,,,,,,,,,,,,,,,,,,,,,,,,,,,,,,,,,,,,,,,,,,,,,,,,,,,,,,,,,,,,,,,,,,,,,,,,,,,,,,,,,,,,,,,,,,,,,,,,,,,,,,,,,,,,,,,,,,,,,,,,,,,,,,,,,,,,,,,,,,,,,,,,,,,,,,,,,,,,,,,,,,,,,,,,,,,,,,,,,,,,,,,,,,,,,,,,,,,,,,,,,,,,,,,,,,,,,,,,,,,,,,,,,,,,,,,,,,,,,,,,,,,,,,,,,,,,,,,,,,,,,,,,,,,,,,,,,,,,,,,,,,,,,,,,,,,,,,,,,,,,,,,,,,,,,,,,,,,,,,,,,,,,,,,,,,,,,,,,,,,,,,,,,,,,,,,,,,,,,,,,,,,,,,,,,,,,,,,,,,,,,,,,,,,,,,,,,,,,,,,,,,,,,,,,,,,,,,,,,,,,,,,,,,,,,,,,,,,,,,,,,,,,,,,,,,,,,,,,,,,,,,,,,,,,,,,,,,,,,,,,,